id,X,Y,label
0,1441,3593,CD8+ T
1,4992,3601,Malignant
2,5040,3622,Malignant
3,5245,3601,Malignant
4,1196,3605,Plasma
5,5187,3585,Malignant
6,2268,3606,Endothelial
7,5070,3569,Malignant
8,5024,3517,Malignant
9,5002,3524,Malignant
10,2295,3554,Macrophage
11,5343,3543,Mast
12,5430,3546,Schwann/nerve
13,1207,3527,Plasma
14,2219,3504,Plasma
15,3204,3516,Macrophage
16,5124,3517,Plasma
17,4727,3516,CAF
18,1829,3509,Plasma
19,2299,3493,Plasma
20,2988,3492,Mast
21,2244,3468,Plasma
22,5065,3456,Malignant
23,5092,3472,Malignant
24,1029,3477,Endothelial
25,4872,3442,Plasma
26,1646,3444,Pericyte
27,5158,3422,Malignant
28,3278,3419,Endothelial
29,3006,3421,Malignant
30,2388,3387,Endothelial
31,2919,3410,Malignant
32,5103,3386,Malignant
33,3051,3373,Malignant
34,3172,3375,Endothelial
35,2875,3359,Malignant
36,2930,3349,Malignant
37,5194,3372,Malignant
38,3236,3358,Pericyte
39,1996,3362,Macrophage
40,3157,3334,Macrophage
41,5151,3344,Macrophage
42,3596,3360,Macrophage
43,2199,3313,Macrophage
44,3282,3343,CAF
45,3382,3331,CAF
46,3122,3326,Macrophage
47,3440,3346,Macrophage
48,3508,3331,Dendritic (activated)
49,5208,3322,Malignant
50,3329,3332,CAF
51,1371,3308,Pericyte
52,3003,3300,Malignant
53,2000,3299,Plasma
54,3590,3288,Macrophage
55,2789,3294,CD8+ T
56,2919,3263,Malignant
57,300,3285,Mast
58,3442,3290,CAF
59,3303,3280,CAF
60,3095,3288,Malignant
61,1287,3269,Pericyte
62,1333,3276,Pericyte
63,4077,3271,Macrophage
64,1383,3267,Smooth muscle
65,3227,3260,CAF
66,3139,3255,Macrophage
67,1964,3223,CAF
68,3452,3227,Macrophage
69,3118,3227,Dendritic (activated)
70,3079,3185,CAF
71,1238,3188,Treg
72,3398,3169,Malignant
73,3117,3165,Macrophage
74,3203,3138,Malignant
75,3661,3169,Macrophage
76,1389,3144,Macrophage
77,3615,3146,CAF
78,1157,3134,Dendritic (activated)
79,3686,3146,Macrophage
80,5247,3133,Plasma
81,3136,3125,Macrophage
82,3360,3133,Malignant
83,3738,3128,CAF
84,3781,3104,Macrophage
85,2935,3101,Macrophage
86,82,3098,Plasma
87,3483,3086,Malignant
88,3680,3085,Malignant
89,3086,3076,CAF
90,3757,3043,Malignant
91,2314,3046,Macrophage
92,2359,3043,Macrophage
93,2925,3030,CAF
94,3675,3013,Malignant
95,3853,3004,Malignant
96,3344,3006,Schwann/nerve
97,96,2993,Plasma
98,4094,2996,CAF
99,2475,3000,CAF
100,1307,2970,Macrophage
101,2514,2904,Malignant
102,3319,2953,Schwann/nerve
103,3379,2948,Schwann/nerve
104,2408,2959,Macrophage
105,3781,2924,Malignant
106,4234,2958,CAF
107,1105,2949,Dendritic (activated)
108,2450,2934,Malignant
109,630,2929,Plasma
110,194,2890,Plasma
111,28,2899,Malignant
112,3612,2900,Malignant
113,3874,2894,Malignant
114,3246,2912,Schwann/nerve
115,3719,2915,Malignant
116,2361,2885,Malignant
117,4247,2910,CAF
118,2708,2904,Plasma
119,2405,2895,Endothelial
120,2868,2903,Dendritic (activated)
121,3351,2902,Schwann/nerve
122,290,2868,Pericyte
123,3406,2889,Schwann/nerve
124,2447,2864,CAF
125,2258,2869,Macrophage
126,2797,2868,Macrophage
127,3746,2858,Malignant
128,1227,2849,Macrophage
129,3359,2842,Schwann/nerve
130,3558,2837,Endothelial
131,21,2835,Malignant
132,739,2806,Plasma
133,3438,2832,Schwann/nerve
134,2659,2845,Macrophage
135,3045,2827,Schwann/nerve
136,3243,2831,Schwann/nerve
137,3393,2825,Schwann/nerve
138,3178,2820,Schwann/nerve
139,3310,2819,Schwann/nerve
140,2484,2822,Malignant
141,3591,2825,CAF
142,3646,2813,CAF
143,3746,2791,Malignant
144,2845,2816,CAF
145,4060,2793,Malignant
146,1739,2797,Macrophage
147,2641,2782,Endothelial
148,3611,2791,Treg
149,25,2784,Malignant
150,2012,2790,CAF
151,2488,2786,Malignant
152,3895,2791,Malignant
153,3424,2783,Schwann/nerve
154,3127,2785,CAF
155,3366,2783,Schwann/nerve
156,3676,2762,CAF
157,2104,2773,Macrophage
158,2336,2766,Malignant
159,3275,2771,Schwann/nerve
160,842,2752,CD4+ T
161,3313,2769,Schwann/nerve
162,3584,2773,Endothelial
163,1031,2753,Plasma
164,200,2756,Plasma
165,2837,2733,Macrophage
166,3047,2741,Schwann/nerve
167,2893,2736,CAF
168,3501,2738,Endothelial
169,3983,2740,Malignant
170,4465,2738,Pericyte
171,2277,2717,Malignant
172,2467,2709,CAF
173,3093,2723,Schwann/nerve
174,3402,2743,Schwann/nerve
175,3834,2721,Malignant
176,4156,2742,Macrophage
177,3319,2736,Schwann/nerve
178,2143,2717,Dendritic (activated)
179,3587,2727,CAF
180,2240,2705,Malignant
181,3148,2733,Schwann/nerve
182,3910,2722,Malignant
183,3013,2692,Treg
184,3438,2722,Schwann/nerve
185,2336,2693,Malignant
186,2635,2707,CD8+ T
187,41,2695,Malignant
188,3679,2692,Malignant
189,3393,2702,Schwann/nerve
190,3234,2696,Mast
191,1357,2703,B
192,4030,2685,Malignant
193,4124,2687,Malignant
194,3287,2705,Schwann/nerve
195,3733,2682,Malignant
196,828,2674,Macrophage
197,3629,2675,CAF
198,3180,2690,Malignant
199,2543,2678,Macrophage
200,3808,2666,Malignant
201,3445,2684,Macrophage
202,2036,2678,Mast
203,1268,2664,B
204,3511,2664,CAF
205,2396,2665,Malignant
206,3292,2649,Schwann/nerve
207,3167,2659,CAF
208,3762,2630,Malignant
209,3064,2649,Plasma
210,33,2636,Malignant
211,29,2607,Malignant
212,2437,2621,Malignant
213,3637,2629,Malignant
214,2308,2592,Malignant
215,3801,2592,Malignant
216,3898,2629,Malignant
217,2571,2599,Malignant
218,3724,2604,Malignant
219,2500,2608,Malignant
220,4231,2579,Macrophage
221,3659,2572,Malignant
222,3410,2594,Malignant
223,3957,2617,Malignant
224,4015,2591,Malignant
225,3188,2609,Pericyte
226,3612,2586,Malignant
227,4131,2589,Malignant
228,3551,2567,Malignant
229,2449,2588,Malignant
230,3130,2586,Macrophage
231,3339,2594,CAF
232,3890,2575,Malignant
233,2527,2585,Malignant
234,3959,2573,Malignant
235,4196,2571,Macrophage
236,3177,2575,Endothelial
237,3219,2587,Endothelial
238,31,2558,Malignant
239,2759,2562,CAF
240,3086,2551,Pericyte
241,3867,2559,Malignant
242,3492,2534,Malignant
243,1108,2546,B
244,3697,2544,Malignant
245,4029,2534,Malignant
246,4124,2542,Malignant
247,2683,2548,Macrophage
248,1592,2545,B
249,2449,2518,Malignant
250,2536,2550,Malignant
251,2605,2550,Macrophage
252,3152,2536,Smooth muscle
253,3206,2539,CAF
254,1224,2520,Pericyte
255,1273,2515,Pericyte
256,1665,2527,CD8+ T
257,2542,2525,Malignant
258,28,2518,Malignant
259,3251,2521,Macrophage
260,230,2502,Endothelial
261,683,2503,Dendritic (activated)
262,3771,2520,Malignant
263,3109,2501,Endothelial
264,2852,2530,Malignant
265,2609,2507,Macrophage
266,3648,2492,Malignant
267,3365,2492,Malignant
268,4145,2479,Malignant
269,4567,2469,Endothelial
270,29,2485,Malignant
271,2876,2465,Malignant
272,2919,2502,Macrophage
273,4052,2486,Malignant
274,3188,2485,CAF
275,3941,2478,Malignant
276,4248,2478,CAF
277,3727,2469,Malignant
278,3763,2453,Malignant
279,3812,2465,Malignant
280,4079,2466,Malignant
281,3553,2466,Malignant
282,2259,2460,CAF
283,3911,2465,Malignant
284,2615,2454,Plasma
285,3627,2451,Malignant
286,3173,2431,Pericyte
287,1676,2455,Dendritic (plasmacytoid)
288,36,2442,Malignant
289,1931,2448,Macrophage
290,3263,2446,CAF
291,2527,2428,Dendritic (activated)
292,2434,2429,Macrophage
293,3841,2435,Malignant
294,3132,2418,Dendritic (activated)
295,4117,2396,Malignant
296,1387,2415,Endothelial
297,3772,2409,Treg
298,1765,2404,Macrophage
299,3463,2396,Malignant
300,1814,2416,Plasma
301,3597,2371,Malignant
302,3923,2394,Macrophage
303,1599,2418,Macrophage
304,3226,2384,Endothelial
305,2864,2398,CAF
306,1669,2409,CAF
307,1095,2381,Macrophage
308,1546,2404,Macrophage
309,3520,2376,Malignant
310,4011,2379,Malignant
311,1830,2387,Endothelial
312,387,2396,Macrophage
313,3809,2375,Malignant
314,4968,2392,Macrophage
315,4283,2376,Plasma
316,2014,2368,Plasma
317,3960,2345,Malignant
318,1535,2362,Macrophage
319,2828,2354,CAF
320,1727,2369,CAF
321,3617,2333,Malignant
322,5149,2340,CAF
323,4859,2334,CAF
324,1396,2334,Macrophage
325,1589,2330,Macrophage
326,1867,2324,Malignant
327,2078,2333,Macrophage
328,3882,2341,CAF
329,273,2333,Plasma
330,1659,2314,Macrophage
331,3747,2326,Malignant
332,4193,2333,CAF
333,4388,2328,CAF
334,1928,2306,Macrophage
335,2582,2299,Endothelial
336,1526,2283,Treg
337,3929,2316,Endothelial
338,2045,2299,Pericyte
339,3852,2316,CAF
340,4241,2308,Plasma
341,1780,2301,Macrophage
342,1028,2291,Plasma
343,3784,2292,Macrophage
344,612,2298,B
345,3905,2289,CAF
346,4945,2288,Macrophage
347,1624,2285,Macrophage
348,3201,2267,CAF
349,3521,2292,Malignant
350,3707,2281,Malignant
351,2915,2289,CAF
352,4133,2275,Macrophage
353,3859,2265,Treg
354,3809,2267,Macrophage
355,1388,2263,Treg
356,2408,2271,Macrophage
357,1748,2253,Treg
358,2086,2245,Malignant
359,50,2261,Mast
360,3937,2260,CAF
361,2835,2255,Macrophage
362,3562,2236,Malignant
363,2875,2247,CAF
364,2928,2224,Treg
365,3132,2244,Macrophage
366,3502,2244,Malignant
367,1208,2236,CAF
368,3629,2216,Malignant
369,1860,2195,Malignant
370,2630,2223,CAF
371,4038,2224,Macrophage
372,3710,2204,Malignant
373,4077,2207,Plasma
374,3528,2187,Malignant
375,3793,2188,CD8+ T
376,1985,2195,Endothelial
377,3097,2184,CAF
378,3296,2190,Malignant
379,1496,2182,Macrophage
380,2384,2176,Macrophage
381,3185,2173,Plasma
382,2741,2176,Macrophage
383,2892,2179,Macrophage
384,1620,2178,CAF
385,3251,2177,Macrophage
386,3350,2162,Malignant
387,2467,2157,CAF
388,1840,2148,CAF
389,116,2143,Macrophage
390,3987,2160,Plasma
391,3704,2155,Macrophage
392,1688,2133,CAF
393,2726,2124,Macrophage
394,2014,2122,Malignant
395,1636,2123,Macrophage
396,1496,2112,Macrophage
397,4305,2116,B
398,140,2106,Plasma
399,2793,2112,Malignant
400,1725,2094,CAF
401,1812,2090,Endothelial
402,1852,2078,Endothelial
403,1773,2085,Pericyte
404,2531,2085,Dendritic (activated)
405,2956,2106,CAF
406,2644,2086,CAF
407,3085,2091,CAF
408,2903,2078,Malignant
409,4523,2074,Plasma
410,1922,2087,Macrophage
411,2826,2072,Malignant
412,1450,2054,CAF
413,767,2051,Macrophage
414,1701,2052,Macrophage
415,2132,2043,Malignant
416,75,2047,Plasma
417,3808,2048,Macrophage
418,1804,2025,Endothelial
419,3106,2027,Schwann/nerve
420,3355,2035,CAF
421,1868,2034,CAF
422,1922,2021,Macrophage
423,2881,2025,Malignant
424,1484,2025,Macrophage
425,5126,2020,CAF
426,202,2010,Macrophage
427,2100,1983,Malignant
428,1404,2005,Treg
429,2976,1995,Malignant
430,4793,1998,CAF
431,1756,1988,Macrophage
432,2786,1971,Malignant
433,2523,1989,CD8+ T
434,2895,1973,Malignant
435,3343,1958,Pericyte
436,967,1967,Treg
437,2890,1940,Malignant
438,34,1962,Endothelial
439,1828,1961,Macrophage
440,1463,1935,Malignant
441,2722,1945,Macrophage
442,2839,1956,Malignant
443,3682,1955,CAF
444,2180,1947,Malignant
445,1625,1939,Malignant
446,2944,1930,Malignant
447,2970,1930,Malignant
448,2030,1939,Malignant
449,4279,1934,CAF
450,3020,1928,Malignant
451,2777,1915,Malignant
452,1401,1900,Macrophage
453,2144,1903,Malignant
454,2854,1892,Malignant
455,136,1887,Treg
456,2820,1872,Malignant
457,173,1856,Macrophage
458,3003,1870,Malignant
459,2514,1861,CAF
460,3066,1864,Malignant
461,2026,1859,Malignant
462,2754,1863,CAF
463,42,1872,Macrophage
464,95,1880,Pericyte
465,2246,1865,Malignant
466,2881,1847,Malignant
467,1776,1865,Malignant
468,2154,1846,Malignant
469,3348,1860,Treg
470,244,1837,Macrophage
471,1847,1845,Malignant
472,102,1850,Endothelial
473,1119,1861,Natural killer
474,1724,1837,Malignant
475,2264,1839,Malignant
476,2945,1830,Malignant
477,1332,1834,Plasma
478,1578,1827,Malignant
479,1798,1825,Malignant
480,1035,1813,Macrophage
481,3166,1831,CAF
482,1983,1810,Malignant
483,2155,1816,Malignant
484,5195,1819,Macrophage
485,3035,1806,Malignant
486,91,1811,Endothelial
487,1160,1797,Treg
488,4217,1784,Malignant
489,4369,1808,Endothelial
490,2220,1803,Malignant
491,3596,1790,Macrophage
492,3724,1804,CAF
493,1522,1774,Macrophage
494,2299,1771,Malignant
495,1954,1784,Malignant
496,4386,1786,Endothelial
497,2245,1784,Malignant
498,3098,1776,Malignant
499,995,1776,CAF
500,2952,1765,Malignant
501,2174,1764,Malignant
502,4690,1774,Endothelial
503,2758,1751,Malignant
504,344,1753,Macrophage
505,1581,1751,Macrophage
506,4736,1761,Endothelial
507,1463,1751,Natural killer
508,2846,1756,Malignant
509,3711,1748,Plasma
510,1226,1722,CD8+ T
511,4362,1739,Natural killer
512,932,1740,Endothelial
513,1862,1743,CAF
514,2892,1735,Malignant
515,4783,1738,Plasma
516,2795,1691,Malignant
517,2964,1699,Malignant
518,794,1680,Macrophage
519,2340,1710,CAF
520,2864,1693,Malignant
521,3088,1692,Malignant
522,4976,1707,Plasma
523,2672,1696,Plasma
524,4276,1694,Malignant
525,4462,1684,Endothelial
526,2473,1675,Plasma
527,2896,1684,Malignant
528,4514,1692,Endothelial
529,4366,1668,Macrophage
530,4408,1662,CAF
531,1608,1674,Macrophage
532,4565,1680,Malignant
533,4202,1647,Malignant
534,3353,1662,CAF
535,2407,1658,CAF
536,2719,1664,CAF
537,3172,1655,Pericyte
538,2796,1648,Malignant
539,5366,1621,Plasma
540,2870,1642,Malignant
541,2930,1603,Malignant
542,2231,1647,Macrophage
543,1709,1584,Malignant
544,2897,1630,Malignant
545,3010,1636,Malignant
546,4539,1611,Malignant
547,1212,1629,Macrophage
548,1063,1633,CAF
549,1778,1636,Dendritic (activated)
550,3098,1602,Malignant
551,4070,1602,Malignant
552,4294,1619,Malignant
553,5109,1624,Plasma
554,2026,1613,Macrophage
555,2748,1618,Macrophage
556,2093,1611,Endothelial
557,1601,1582,Treg
558,2144,1606,CAF
559,874,1600,Plasma
560,2522,1571,Plasma
561,4225,1569,Malignant
562,2402,1580,CAF
563,3994,1592,Malignant
564,209,1589,Macrophage
565,3310,1581,Malignant
566,3002,1578,Malignant
567,4311,1561,Malignant
568,1767,1553,Macrophage
569,1985,1581,Macrophage
570,1427,1553,Macrophage
571,1938,1563,Natural killer
572,4362,1559,Macrophage
573,4107,1548,Malignant
574,3087,1536,Malignant
575,122,1558,Natural killer
576,1868,1538,Macrophage
577,2934,1540,Malignant
578,2986,1541,Malignant
579,1177,1531,Macrophage
580,3893,1540,Malignant
581,2038,1542,Macrophage
582,2236,1549,CAF
583,2805,1539,Macrophage
584,3980,1530,Malignant
585,2430,1534,Macrophage
586,2315,1532,Macrophage
587,3059,1492,Malignant
588,3813,1527,Pericyte
589,1660,1516,Macrophage
590,4967,1513,Plasma
591,5270,1497,Mast
592,4411,1498,CD8+ T
593,2983,1481,Malignant
594,4248,1474,Malignant
595,4362,1490,CAF
596,979,1487,Natural killer
597,3924,1486,Macrophage
598,4189,1480,Malignant
599,2237,1483,Malignant
600,1963,1482,Macrophage
601,2933,1478,CAF
602,4116,1471,Malignant
603,2481,1434,Macrophage
604,2016,1471,CAF
605,2375,1466,Malignant
606,3235,1463,Malignant
607,2977,1463,CAF
608,2790,1459,Endothelial
609,5291,1449,Plasma
610,1184,1441,Plasma
611,3177,1452,Malignant
612,3890,1457,Macrophage
613,2059,1454,Macrophage
614,2279,1449,Malignant
615,4146,1439,Malignant
616,2211,1439,Malignant
617,2311,1441,Malignant
618,3754,1427,CAF
619,4973,1454,Malignant
620,3992,1450,Endothelial
621,1493,1436,Dendritic (activated)
622,1104,1426,Dendritic (activated)
623,1673,1403,CAF
624,3217,1404,Malignant
625,4764,1430,Mast
626,3821,1427,CAF
627,2007,1417,Dendritic (activated)
628,3907,1412,CAF
629,1019,1385,Pericyte
630,2430,1418,Malignant
631,4103,1387,Malignant
632,5425,1405,Plasma
633,2376,1388,Malignant
634,3985,1406,Endothelial
635,4039,1420,CAF
636,2641,1399,CAF
637,2096,1389,Plasma
638,3069,1398,CAF
639,2203,1377,Malignant
640,3353,1350,Malignant
641,3858,1395,Macrophage
642,1722,1361,Endothelial
643,2310,1370,Malignant
644,4286,1372,CAF
645,4024,1378,Treg
646,2485,1375,Endothelial
647,3277,1361,Malignant
648,3940,1366,CAF
649,4923,1357,CAF
650,2432,1356,Malignant
651,3978,1347,CAF
652,3009,1341,Macrophage
653,3194,1341,Malignant
654,4039,1334,Malignant
655,3840,1335,Malignant
656,4249,1350,Macrophage
657,5262,1342,CAF
658,2249,1329,Malignant
659,3907,1301,Malignant
660,2081,1319,Pericyte
661,2032,1318,Endothelial
662,2463,1311,Malignant
663,1587,1329,Macrophage
664,2174,1303,Malignant
665,1695,1307,Macrophage
666,4107,1291,Malignant
667,4001,1307,Malignant
668,2984,1315,Malignant
669,5301,1306,Plasma
670,4430,1305,CAF
671,2024,1269,CAF
672,1632,1291,Macrophage
673,4992,1297,Plasma
674,1512,1282,Macrophage
675,1777,1268,Macrophage
676,3846,1273,Malignant
677,4518,1267,Endothelial
678,2146,1242,Malignant
679,3238,1268,Malignant
680,1582,1273,Macrophage
681,3201,1266,Malignant
682,3001,1267,Malignant
683,3277,1254,Malignant
684,2395,1261,Malignant
685,5236,1270,Endothelial
686,1893,1269,CD4+ T
687,3949,1274,Malignant
688,4495,1253,CAF
689,4915,1256,Plasma
690,4128,1241,Malignant
691,3103,1248,Malignant
692,2454,1232,Malignant
693,4839,1241,Plasma
694,4016,1244,Malignant
695,3397,1239,Endothelial
696,5266,1251,Endothelial
697,2615,1232,Treg
698,3928,1197,Malignant
699,2661,1220,CAF
700,1612,1209,Dendritic (activated)
701,3817,1208,Malignant
702,2759,1213,Endothelial
703,5287,1173,Endothelial
704,3202,1203,Macrophage
705,4768,1188,Plasma
706,5139,1192,Macrophage
707,2774,1162,Endothelial
708,3073,1179,CAF
709,3461,1199,Pericyte
710,4828,1172,Plasma
711,1934,1177,Plasma
712,3839,1178,Malignant
713,2098,1154,Macrophage
714,1884,1143,Macrophage
715,2056,1149,Macrophage
716,2169,1128,Macrophage
717,2698,1133,Plasma
718,5247,1133,Plasma
719,2820,1126,Macrophage
720,2988,1123,CAF
721,4741,1094,Endothelial
722,2543,1125,CAF
723,3929,1085,CAF
724,2315,1074,Malignant
725,3301,1068,Endothelial
726,5078,1082,Macrophage
727,3871,1077,Macrophage
728,5347,1069,Macrophage
729,2005,1069,Treg
730,2094,1069,CAF
731,2959,1059,CAF
732,4035,1062,CAF
733,5372,1025,Treg
734,1172,997,Macrophage
735,4360,998,Macrophage
736,2059,985,CAF
737,2260,973,Macrophage
738,4732,959,Plasma
739,4875,955,Macrophage
740,3813,935,Plasma
741,1202,939,CAF
742,3009,937,Macrophage
743,5193,932,Dendritic (activated)
744,5304,918,Macrophage
745,148,912,Plasma
746,4361,905,CAF
747,1937,894,Macrophage
748,4240,911,Macrophage
749,2887,874,CAF
750,2941,867,Malignant
751,5068,879,Plasma
752,3032,856,Malignant
753,2826,811,Malignant
754,3078,825,Malignant
755,1488,807,Macrophage
756,5191,822,CAF
757,2965,817,Malignant
758,3690,814,Treg
759,3180,806,Macrophage
760,5308,807,Macrophage
761,3511,807,CAF
762,3054,762,Malignant
763,5397,784,Malignant
764,5270,754,Macrophage
765,2977,759,Malignant
766,3524,736,CAF
767,5438,738,Macrophage
768,2311,742,Endothelial
769,5368,733,Macrophage
770,3195,736,Macrophage
771,4249,730,Plasma
772,5072,719,Malignant
773,4131,723,CAF
774,5187,679,Malignant
775,5338,688,Malignant
776,1599,697,Macrophage
777,4146,694,Pericyte
778,3476,702,Macrophage
779,2957,685,Malignant
780,2842,684,Malignant
781,3405,668,Macrophage
782,4409,667,Macrophage
783,2785,668,Malignant
784,5418,668,Malignant
785,4880,666,CAF
786,4980,669,Macrophage
787,2388,654,CD8+ T
788,3523,644,Macrophage
789,2756,617,Malignant
790,5076,646,Malignant
791,4350,629,Plasma
792,4647,626,CAF
793,4833,637,CAF
794,2996,615,Malignant
795,5323,584,Malignant
796,5396,614,Malignant
797,5423,591,Malignant
798,3301,591,Macrophage
799,5081,596,Macrophage
800,2861,608,Pericyte
801,4805,587,Plasma
802,5455,562,Malignant
803,1790,591,CAF
804,3024,561,Malignant
805,4683,579,Plasma
806,5216,574,Malignant
807,3549,545,Malignant
808,3221,567,Malignant
809,5367,555,Malignant
810,5399,543,Malignant
811,3089,557,Malignant
812,5077,556,CAF
813,4278,519,Plasma
814,2852,523,Endothelial
815,5202,509,Malignant
816,5294,509,Malignant
817,3214,451,Malignant
818,4571,500,Plasma
819,3504,481,Malignant
820,4359,481,Endothelial
821,3023,475,Malignant
822,3677,479,Malignant
823,2505,492,Plasma
824,2828,466,Endothelial
825,2960,479,Macrophage
826,2895,466,Macrophage
827,2353,462,Plasma
828,2854,449,Endothelial
829,5346,430,Malignant
830,4966,455,Macrophage
831,3723,430,Malignant
832,5170,426,Malignant
833,5264,411,Malignant
834,4452,418,Endothelial
835,2999,402,CAF
836,3146,412,Macrophage
837,3757,396,Malignant
838,5428,379,Malignant
839,2822,397,Macrophage
840,3533,364,Malignant
841,5302,370,Malignant
842,3656,371,Malignant
843,4489,381,Endothelial
844,3709,345,Malignant
845,3750,306,Malignant
846,3534,285,Natural killer
847,3877,269,Malignant
848,3732,255,Malignant
849,4024,266,Plasma
850,3688,235,Malignant
851,5436,247,Malignant
852,3385,228,Pericyte
853,5364,230,Malignant
854,5426,220,Malignant
855,1186,205,Plasma
856,5391,119,Malignant
857,5444,126,Malignant
858,3952,137,Macrophage
859,3910,121,CAF
860,4094,96,Plasma
861,3856,56,Malignant
862,4640,75,Plasma
863,3914,43,Malignant
864,5441,53,Malignant
865,3388,36,Macrophage
866,3790,33,Endothelial
867,3929,22,Malignant
868,796,3611,CAF
869,1050,3609,CAF
870,1709,3614,CAF
871,2873,3621,Plasma
872,945,3591,CAF
873,4848,3618,Plasma
874,4316,3572,Malignant
875,2457,3571,Dendritic (activated)
876,4568,3561,Plasma
877,2200,3563,Plasma
878,4850,3547,CAF
879,5396,3573,CAF
880,2764,3548,Macrophage
881,2022,3518,CAF
882,2564,3547,CAF
883,1102,3531,CAF
884,4948,3521,CAF
885,4506,3535,Macrophage
886,2911,3534,CAF
887,1563,3521,Endothelial
888,1700,3501,CAF
889,5066,3516,Malignant
890,4420,3506,CD8+ T
891,2726,3491,CAF
892,4911,3461,CAF
893,2832,3468,Macrophage
894,4410,3472,CAF
895,790,3463,Macrophage
896,4828,3475,Plasma
897,5164,3468,Pericyte
898,712,3453,Plasma
899,1084,3452,Endothelial
900,1013,3448,CD8+ T
901,1762,3444,CAF
902,980,3415,Plasma
903,2511,3420,Mast
904,1243,3415,CAF
905,2471,3409,CAF
906,3208,3415,Macrophage
907,1137,3404,CAF
908,746,3377,Macrophage
909,5076,3371,CAF
910,5331,3391,CAF
911,2166,3376,CAF
912,2608,3371,Macrophage
913,5440,3369,Malignant
914,1237,3366,Treg
915,3533,3357,CAF
916,2510,3347,CAF
917,4989,3341,CAF
918,3226,3316,Endothelial
919,685,3310,Neutrophil
920,5437,3324,Malignant
921,2847,3288,CAF
922,2279,3267,CAF
923,5314,3272,CAF
924,2356,3255,CAF
925,1833,3256,CAF
926,3735,3262,Plasma
927,5314,3247,Plasma
928,4990,3237,CAF
929,1349,3222,CAF
930,5445,3218,Malignant
931,2481,3231,Mast
932,4579,3221,CAF
933,1893,3221,CAF
934,1043,3214,CAF
935,3196,3217,CAF
936,5399,3210,Malignant
937,224,3196,Plasma
938,2449,3157,Plasma
939,3030,3181,CAF
940,2841,3148,Plasma
941,977,3149,Plasma
942,2134,3107,CAF
943,3046,3136,CAF
944,5321,3113,CAF
945,3886,3110,CAF
946,996,3106,Macrophage
947,1478,3104,Plasma
948,2318,3113,Macrophage
949,3025,3125,CAF
950,1370,3104,CAF
951,3590,3114,Malignant
952,1085,3072,Treg
953,895,3079,Treg
954,3141,3074,CAF
955,4790,3069,CD4+ T
956,122,3058,Plasma
957,1715,3058,CAF
958,2643,3067,CAF
959,1628,3051,CAF
960,3335,3060,CAF
961,84,3043,Plasma
962,1215,3018,Plasma
963,2410,3053,Macrophage
964,3026,3038,Endothelial
965,2877,3032,Plasma
966,5426,3045,Plasma
967,177,3036,B
968,3427,3050,Macrophage
969,3245,3040,Macrophage
970,3408,3025,CAF
971,3273,3004,Endothelial
972,5158,3001,Macrophage
973,4440,2996,CAF
974,3151,2993,CAF
975,1598,2982,Plasma
976,3895,3008,CAF
977,5235,2960,CAF
978,3497,2987,CAF
979,4921,2982,Dendritic (activated)
980,3183,2970,CAF
981,3008,2981,CAF
982,3421,2978,Endothelial
983,1191,2959,Macrophage
984,87,2955,CAF
985,1755,2956,CAF
986,3086,2944,CAF
987,3198,2917,Pericyte
988,3602,2956,Malignant
989,4145,2944,CAF
990,3043,2935,CAF
991,1424,2932,CAF
992,3496,2935,CAF
993,3444,2930,CAF
994,2596,2916,CAF
995,4047,2908,CAF
996,3299,2926,Schwann/nerve
997,3512,2897,Endothelial
998,1317,2894,Treg
999,5073,2898,CAF
1000,3122,2894,CAF
1001,1082,2896,B
1002,1848,2870,Macrophage
1003,1105,2866,Natural killer
1004,3311,2876,CAF
1005,3272,2876,Schwann/nerve
1006,4262,2861,CAF
1007,3363,2883,Schwann/nerve
1008,3550,2878,Endothelial
1009,3442,2880,CAF
1010,3077,2861,CAF
1011,1030,2854,Dendritic (activated)
1012,667,2839,CAF
1013,3138,2838,Schwann/nerve
1014,992,2836,Plasma
1015,3512,2808,Endothelial
1016,1520,2821,CAF
1017,2608,2835,Macrophage
1018,1242,2794,B
1019,4157,2804,CAF
1020,1147,2792,Natural killer
1021,1185,2791,B
1022,3345,2801,Schwann/nerve
1023,1008,2784,Plasma
1024,389,2780,B
1025,1938,2780,Macrophage
1026,4499,2781,Macrophage
1027,2452,2770,Macrophage
1028,2777,2750,CAF
1029,3236,2765,Schwann/nerve
1030,1091,2739,Dendritic (activated)
1031,295,2740,Plasma
1032,974,2741,Plasma
1033,1205,2743,B
1034,1283,2723,Plasma
1035,1228,2729,B
1036,3363,2742,Schwann/nerve
1037,3179,2740,Schwann/nerve
1038,3210,2740,Schwann/nerve
1039,1440,2721,Malignant
1040,1917,2706,B
1041,3349,2693,Schwann/nerve
1042,3549,2696,Endothelial
1043,1152,2697,B
1044,1200,2696,B
1045,2569,2699,Macrophage
1046,4190,2672,CAF
1047,3577,2665,CAF
1048,955,2672,Macrophage
1049,4382,2664,CAF
1050,4095,2670,Malignant
1051,1898,2655,CAF
1052,1540,2638,CAF
1053,1783,2650,Macrophage
1054,3448,2632,CAF
1055,1140,2638,B
1056,1401,2625,CAF
1057,90,2591,CAF
1058,2615,2631,Macrophage
1059,3078,2626,Macrophage
1060,3129,2636,CAF
1061,1255,2621,Dendritic (activated)
1062,1973,2601,CAF
1063,1287,2610,Treg
1064,1194,2604,B
1065,1889,2597,CAF
1066,3268,2595,CAF
1067,4484,2600,Plasma
1068,1167,2569,Macrophage
1069,1447,2575,Natural killer
1070,5358,2541,CAF
1071,1349,2561,Macrophage
1072,2156,2554,Macrophage
1073,4530,2534,Endothelial
1074,403,2537,CD8+ T
1075,966,2532,CAF
1076,1315,2533,Macrophage
1077,3312,2530,CAF
1078,1499,2522,Natural killer
1079,1090,2507,B
1080,2174,2474,CAF
1081,3150,2496,Endothelial
1082,1872,2479,Macrophage
1083,3227,2488,CAF
1084,407,2458,CAF
1085,1560,2466,Macrophage
1086,3690,2440,Malignant
1087,1035,2459,CD4+ T
1088,3235,2450,CAF
1089,4848,2440,Macrophage
1090,3291,2444,CAF
1091,3320,2444,Malignant
1092,1723,2443,CAF
1093,3211,2448,Macrophage
1094,1150,2420,Macrophage
1095,1288,2439,CD4+ T
1096,3029,2435,Macrophage
1097,1461,2423,Treg
1098,885,2426,CAF
1099,2164,2408,CAF
1100,4280,2427,CAF
1101,1495,2406,CAF
1102,3030,2384,CAF
1103,1250,2382,Treg
1104,5026,2392,CAF
1105,981,2408,Mast
1106,1030,2388,Treg
1107,43,2391,Malignant
1108,310,2390,CAF
1109,4867,2383,CAF
1110,2658,2377,Dendritic (activated)
1111,3292,2369,CAF
1112,969,2360,Mast
1113,98,2354,Dendritic (plasmacytoid)
1114,1603,2364,Macrophage
1115,750,2348,Treg
1116,2779,2338,CAF
1117,384,2329,Plasma
1118,205,2317,CD8+ T
1119,135,2331,Plasma
1120,3205,2328,CAF
1121,2654,2295,Endothelial
1122,2726,2304,CAF
1123,2971,2308,CAF
1124,244,2309,B
1125,3820,2319,CAF
1126,3275,2270,CAF
1127,2535,2247,CAF
1128,2701,2238,Macrophage
1129,1657,2252,Macrophage
1130,3618,2270,CAF
1131,1565,2223,Dendritic (activated)
1132,157,2244,CD4+ T
1133,5423,2212,CAF
1134,89,2231,CAF
1135,3202,2217,Macrophage
1136,1946,2242,Endothelial
1137,3873,2222,Plasma
1138,286,2212,CD8+ T
1139,1417,2198,Macrophage
1140,724,2198,Macrophage
1141,120,2195,CAF
1142,231,2195,Plasma
1143,1946,2190,Endothelial
1144,272,2175,Plasma
1145,4133,2172,CAF
1146,2654,2164,Macrophage
1147,1441,2129,Macrophage
1148,326,2146,Plasma
1149,215,2142,CD8+ T
1150,3859,2141,CAF
1151,278,2135,Plasma
1152,409,2130,B
1153,1740,2155,CAF
1154,2580,2115,Macrophage
1155,1406,2116,CAF
1156,3420,2135,Macrophage
1157,3652,2126,CAF
1158,3745,2119,CAF
1159,445,2096,Plasma
1160,4661,2092,CAF
1161,4570,2086,Plasma
1162,692,2089,CAF
1163,3005,2096,CAF
1164,1955,2104,Malignant
1165,3398,2094,CAF
1166,2408,2063,CAF
1167,3479,2089,Macrophage
1168,1122,2099,CAF
1169,281,2090,Plasma
1170,1631,2058,Macrophage
1171,5086,2078,Dendritic (activated)
1172,3623,2073,Endothelial
1173,4994,2061,CAF
1174,1778,2066,Endothelial
1175,3644,2066,Endothelial
1176,3893,2055,CAF
1177,2797,2048,CAF
1178,282,2045,Plasma
1179,2709,2038,CAF
1180,3437,2049,CAF
1181,117,2041,Macrophage
1182,535,2032,Treg
1183,1010,2027,Endothelial
1184,3314,2028,Macrophage
1185,4400,2002,CAF
1186,474,1999,Plasma
1187,2668,1992,CAF
1188,673,1979,Plasma
1189,177,1979,Macrophage
1190,131,1972,Plasma
1191,5090,1975,CAF
1192,1945,1979,Macrophage
1193,566,1965,Natural killer
1194,4751,1962,CAF
1195,3544,1952,CAF
1196,1096,1958,CAF
1197,492,1926,CAF
1198,822,1945,CAF
1199,2367,1930,CAF
1200,2323,1919,CAF
1201,2504,1931,CAF
1202,5058,1912,CAF
1203,2622,1896,CAF
1204,3286,1899,CAF
1205,2578,1902,CAF
1206,2655,1900,Macrophage
1207,3088,1905,CAF
1208,3838,1908,Macrophage
1209,3435,1868,CAF
1210,4604,1889,Macrophage
1211,4410,1871,CAF
1212,5266,1876,Macrophage
1213,1473,1846,Neutrophil
1214,2789,1848,Malignant
1215,1258,1843,Dendritic (activated)
1216,2451,1838,CAF
1217,3876,1834,CAF
1218,2352,1810,Macrophage
1219,4561,1823,CAF
1220,2708,1816,CAF
1221,3144,1799,CAF
1222,1478,1796,CAF
1223,3102,1825,Treg
1224,3303,1768,CAF
1225,81,1790,Pericyte
1226,4456,1793,CAF
1227,4905,1785,CAF
1228,4302,1794,CAF
1229,3169,1759,Endothelial
1230,412,1783,CAF
1231,1118,1771,Natural killer
1232,1656,1764,CAF
1233,3765,1749,CAF
1234,142,1745,Natural killer
1235,4459,1744,CAF
1236,1387,1754,Natural killer
1237,498,1736,CD4+ T
1238,4641,1739,Macrophage
1239,1307,1728,Macrophage
1240,1449,1726,Dendritic (activated)
1241,3674,1696,Mast
1242,2255,1734,Malignant
1243,277,1726,Plasma
1244,2198,1715,Malignant
1245,3380,1713,CAF
1246,536,1704,Plasma
1247,1268,1693,Natural killer
1248,612,1687,Natural killer
1249,1395,1676,Macrophage
1250,31,1678,Macrophage
1251,1704,1699,CAF
1252,5315,1697,Plasma
1253,5416,1675,CAF
1254,262,1664,Treg
1255,1840,1656,Treg
1256,1894,1671,Dendritic (activated)
1257,135,1665,Macrophage
1258,2320,1656,CAF
1259,1936,1670,Macrophage
1260,2205,1664,CAF
1261,651,1635,CD8+ T
1262,2051,1646,Endothelial
1263,3416,1635,CAF
1264,1290,1631,Treg
1265,3503,1633,CAF
1266,5008,1629,CAF
1267,3235,1627,CAF
1268,1901,1602,Macrophage
1269,1815,1621,CAF
1270,2831,1603,CAF
1271,1316,1589,Macrophage
1272,3401,1564,Dendritic (activated)
1273,2239,1593,CAF
1274,3159,1586,CAF
1275,1011,1573,CAF
1276,2784,1580,Macrophage
1277,4996,1580,Plasma
1278,3177,1569,CAF
1279,1826,1566,Dendritic (activated)
1280,540,1569,CD4+ T
1281,1224,1543,CAF
1282,3471,1572,CAF
1283,4624,1572,CAF
1284,1252,1567,CAF
1285,5235,1565,CAF
1286,437,1557,CAF
1287,2674,1560,Plasma
1288,2865,1558,CAF
1289,1370,1544,Dendritic (activated)
1290,2597,1569,CAF
1291,2121,1544,Endothelial
1292,625,1536,Plasma
1293,175,1529,CD8+ T
1294,227,1522,B
1295,512,1531,B
1296,560,1529,Treg
1297,1031,1529,Plasma
1298,4891,1533,CAF
1299,2593,1495,CAF
1300,2876,1516,CAF
1301,1303,1514,Macrophage
1302,4296,1526,CAF
1303,3146,1502,CAF
1304,4311,1498,CAF
1305,363,1512,Plasma
1306,2245,1513,Malignant
1307,4496,1497,Macrophage
1308,412,1497,Plasma
1309,2763,1487,Endothelial
1310,1816,1490,Treg
1311,81,1489,Macrophage
1312,501,1478,Treg
1313,275,1505,Macrophage
1314,5414,1490,Plasma
1315,2871,1470,CAF
1316,3687,1477,CAF
1317,3490,1457,CAF
1318,4993,1479,CAF
1319,4645,1464,CAF
1320,2105,1459,CAF
1321,3994,1476,Malignant
1322,258,1450,Treg
1323,1847,1451,CAF
1324,4386,1432,Treg
1325,5175,1442,Plasma
1326,3097,1453,CAF
1327,1596,1410,CAF
1328,2986,1410,CAF
1329,3128,1416,CAF
1330,1967,1399,Macrophage
1331,5336,1421,CAF
1332,304,1411,Plasma
1333,4305,1414,CAF
1334,4420,1409,CAF
1335,3684,1387,CAF
1336,4980,1393,CAF
1337,1460,1389,CAF
1338,4484,1399,CAF
1339,2902,1380,CAF
1340,4857,1387,CAF
1341,5078,1389,CAF
1342,3560,1364,CAF
1343,3665,1339,CAF
1344,2737,1354,CAF
1345,3775,1345,CAF
1346,5361,1342,Plasma
1347,338,1342,Plasma
1348,5210,1327,Endothelial
1349,33,1320,Macrophage
1350,239,1326,CD8+ T
1351,4522,1335,CAF
1352,3464,1325,CAF
1353,4333,1325,Macrophage
1354,3050,1294,CAF
1355,1871,1317,CAF
1356,3513,1312,CAF
1357,5176,1307,Endothelial
1358,2833,1303,Mast
1359,5073,1293,CAF
1360,2708,1305,CAF
1361,4578,1300,Malignant
1362,4854,1304,CAF
1363,257,1294,CAF
1364,2776,1274,CAF
1365,219,1275,CAF
1366,4812,1291,Endothelial
1367,2929,1257,CAF
1368,3432,1270,CAF
1369,3804,1283,Malignant
1370,156,1246,Dendritic (activated)
1371,3518,1233,Natural killer
1372,3805,1256,Malignant
1373,4737,1249,Macrophage
1374,5182,1221,Endothelial
1375,2571,1243,CD8+ T
1376,3015,1194,CAF
1377,3622,1215,CAF
1378,1665,1206,Macrophage
1379,40,1197,Macrophage
1380,4013,1193,CAF
1381,3348,1194,Macrophage
1382,1797,1178,CAF
1383,2581,1179,CAF
1384,4097,1189,CAF
1385,77,1181,Plasma
1386,4717,1181,Plasma
1387,3190,1182,Macrophage
1388,3141,1160,CAF
1389,4256,1166,CAF
1390,1063,1135,CAF
1391,2932,1142,CAF
1392,2344,1158,Malignant
1393,177,1143,B
1394,4389,1135,Plasma
1395,3407,1128,CAF
1396,4434,1142,Plasma
1397,121,1133,Plasma
1398,1947,1127,Macrophage
1399,3300,1125,Macrophage
1400,3840,1132,Macrophage
1401,3912,1126,CAF
1402,1780,1120,Macrophage
1403,410,1078,Natural killer
1404,2599,1110,Plasma
1405,3212,1116,CAF
1406,727,1092,CAF
1407,152,1100,Plasma
1408,2075,1098,Mast
1409,3263,1116,Endothelial
1410,4266,1103,CAF
1411,3243,1079,Pericyte
1412,2224,1099,CAF
1413,3502,1088,Macrophage
1414,195,1082,Plasma
1415,5281,1075,Macrophage
1416,4962,1071,Plasma
1417,2793,1083,Mast
1418,4838,1069,CAF
1419,124,1044,Plasma
1420,2654,1044,CAF
1421,2782,1038,Plasma
1422,3750,1027,CAF
1423,4311,1034,CAF
1424,533,1046,Plasma
1425,3956,1022,CAF
1426,2710,1016,CAF
1427,176,1017,Dendritic (activated)
1428,4900,1023,CAF
1429,4495,1026,CAF
1430,217,1000,Treg
1431,3399,1013,Dendritic (activated)
1432,4214,1000,CAF
1433,1727,991,Macrophage
1434,2890,991,CD8+ T
1435,2412,953,Macrophage
1436,3144,981,Dendritic (activated)
1437,107,967,Plasma
1438,5065,968,CAF
1439,950,943,CAF
1440,2900,961,CAF
1441,3217,935,CAF
1442,3320,966,CAF
1443,2509,954,Macrophage
1444,4429,959,CAF
1445,3917,905,CAF
1446,3526,929,CAF
1447,1832,916,Macrophage
1448,1666,920,CAF
1449,5363,919,Macrophage
1450,3470,899,Dendritic (activated)
1451,576,894,Plasma
1452,1721,895,CAF
1453,5140,908,CAF
1454,1271,876,Macrophage
1455,3336,878,Macrophage
1456,1330,868,CD8+ T
1457,4634,872,CAF
1458,5131,848,CAF
1459,270,845,Plasma
1460,2190,823,Plasma
1461,4950,831,Macrophage
1462,5291,844,CAF
1463,326,788,Treg
1464,4239,800,Plasma
1465,4019,802,Macrophage
1466,3603,780,CAF
1467,5237,818,CAF
1468,713,792,CAF
1469,2081,787,CAF
1470,1119,763,CAF
1471,5315,776,CAF
1472,5211,760,CAF
1473,4915,743,CAF
1474,2397,736,Endothelial
1475,4594,692,Plasma
1476,4226,678,CAF
1477,2118,677,Plasma
1478,3334,694,Macrophage
1479,2517,696,Macrophage
1480,3268,682,Plasma
1481,2672,666,Macrophage
1482,185,638,CD4+ T
1483,2905,677,Malignant
1484,2289,637,Treg
1485,4193,642,Neutrophil
1486,5007,621,Macrophage
1487,1952,610,CAF
1488,2908,616,Malignant
1489,976,610,CAF
1490,2557,587,Dendritic (activated)
1491,3180,604,Macrophage
1492,2232,581,CAF
1493,2816,596,Endothelial
1494,3647,592,Macrophage
1495,4586,564,CAF
1496,1178,585,Macrophage
1497,3600,572,Macrophage
1498,4266,582,Natural killer
1499,2437,578,CAF
1500,2861,561,Endothelial
1501,967,547,CAF
1502,3646,529,CAF
1503,1920,517,Macrophage
1504,4489,510,Plasma
1505,4915,529,CAF
1506,2642,504,Macrophage
1507,1215,514,Plasma
1508,1843,512,CAF
1509,4086,478,CAF
1510,3924,478,Macrophage
1511,4892,473,Smooth muscle
1512,3058,497,Malignant
1513,1197,467,Treg
1514,3793,473,CAF
1515,3860,470,Malignant
1516,1111,433,Endothelial
1517,1762,435,CAF
1518,3362,422,CAF
1519,1651,419,B
1520,4906,421,CAF
1521,2140,401,CAF
1522,3066,411,CAF
1523,2227,401,Macrophage
1524,2279,385,Natural killer
1525,1101,370,CAF
1526,2928,382,Endothelial
1527,2886,363,Endothelial
1528,4373,368,Plasma
1529,3357,317,CAF
1530,2320,326,CAF
1531,3821,352,Macrophage
1532,1817,308,Plasma
1533,2591,306,Dendritic (activated)
1534,4489,294,CAF
1535,4959,275,Endothelial
1536,5371,311,CAF
1537,2766,278,Macrophage
1538,3010,262,Macrophage
1539,1233,259,Macrophage
1540,3960,254,CAF
1541,2629,237,B
1542,3325,240,Pericyte
1543,1563,223,CAF
1544,4437,214,CAF
1545,4087,202,CAF
1546,3302,202,CAF
1547,4827,204,Smooth muscle
1548,3259,207,Pericyte
1549,4209,186,CAF
1550,4335,184,CAF
1551,3342,154,Dendritic (activated)
1552,2829,169,Macrophage
1553,4844,159,Smooth muscle
1554,3421,147,CAF
1555,2277,126,Plasma
1556,582,122,CAF
1557,710,130,CAF
1558,2202,138,CD8+ T
1559,2541,110,CAF
1560,4226,110,Plasma
1561,4851,105,CAF
1562,3764,106,CAF
1563,2631,96,Plasma
1564,2861,103,Macrophage
1565,2198,74,CAF
1566,2043,63,CAF
1567,3263,74,CAF
1568,3179,77,CAF
1569,5152,48,Malignant
1570,2983,38,Endothelial
1571,4361,44,Plasma
