"gene","p_val","avg_log2FC","pct.1","pct.2","p_adj"
"ADGRE5",0.000459485761588182,-3.00691908268202,0,0.17741935483871,0.434214044700832
"DCN",0.00310287291463845,2.2761806784758,0.25,0.0645161290322581,0.894193968195735
"DUSP6",0.00473118501690865,0.806920252187562,0.40625,0.161290322580645,0.894193968195735
"FGF18",0.00357785126089244,-1.96130021246853,0.046875,0.225806451612903,0.894193968195735
"ITGAM",0.00407453283023305,1.50604249010099,0.28125,0.0806451612903226,0.894193968195735
"ADGRG3",0.0202913140839915,1.39491244183824,0.1875,0.0483870967741935,0.934903461215364
"CCL13",0.0227542641354004,0.611595056195504,0.1875,0.0483870967741935,0.934903461215364
"CCL5",0.0225747941459552,-0.854612154986231,0.125,0.290322580645161,0.934903461215364
"CHI3L1",0.0140117523705202,-1.38236513471434,0.25,0.435483870967742,0.934903461215364
"CIITA",0.0177496875540318,1.77742903760453,0.203125,0.0645161290322581,0.934903461215364
"COL12A1",0.0190609956417453,2.09615377864326,0.125,0.0161290322580645,0.934903461215364
"CXCR5",0.0168333414917609,2.00156910318147,0.1875,0.0483870967741935,0.934903461215364
"FZD4",0.00613828152074101,1.93428886648385,0.25,0.0806451612903226,0.934903461215364
"GZMH",0.0142920384062848,-1.44470220715128,0.109375,0.274193548387097,0.934903461215364
"HTT",0.0202072491700218,1.43319206198975,0.125,0.0161290322580645,0.934903461215364
"IL1RAP",0.0138895916909813,-1.46707276277733,0.15625,0.32258064516129,0.934903461215364
"IL20",0.0117197336655446,1.7316050936799,0.1875,0.0483870967741935,0.934903461215364
"ITGAV",0.0214984248741945,-1.16685897091231,0.265625,0.435483870967742,0.934903461215364
"LINC02446",0.00818631445802034,-2.0954288214898,0.09375,0.258064516129032,0.934903461215364
"S100A9",0.0123235768179657,-0.875737067391942,0.546875,0.693548387096774,0.934903461215364
"SREBF1",0.0123103788176221,-1.3390337811753,0.046875,0.193548387096774,0.934903461215364
"STAT6",0.0170341029438375,-2.15962369249622,0.125,0.274193548387097,0.934903461215364
"ZFP36",0.0117903562157863,0.559556830143013,0.78125,0.629032258064516,0.934903461215364
"ACTA2",0.0575365415309608,1.80800542955324,0.09375,0.0161290322580645,0.935204404610503
"ACVR1B",0.16615094385372,1.16154979074524,0.171875,0.0967741935483871,0.935204404610503
"ADGRB3",0.157272659607318,1.16152257917158,0.09375,0.032258064516129,0.935204404610503
"ADGRE1",0.0625559427287761,1.3699406674942,0.09375,0.0161290322580645,0.935204404610503
"ADGRG6",0.0955702919306542,1.55664165852909,0.109375,0.032258064516129,0.935204404610503
"ADGRL2",0.123243122551683,-2.00558531482092,0.03125,0.0967741935483871,0.935204404610503
"ADM2",0.0928573002569453,0.655858283753097,0.1875,0.0806451612903226,0.935204404610503
"ADORA2A",0.146801977984801,0.742090024157535,0.171875,0.0806451612903226,0.935204404610503
"ANGPT4",0.131051427775078,1.49256115688612,0.125,0.0483870967741935,0.935204404610503
"ANXA4",0.0918092295166122,-1.49536585700267,0.0625,0.161290322580645,0.935204404610503
"AR",0.0434142960819094,1.60376934272567,0.15625,0.0483870967741935,0.935204404610503
"AREG",0.0918092295166122,1.03500916038027,0.15625,0.0645161290322581,0.935204404610503
"BATF3",0.116492571665746,0.527035544127392,0.15625,0.0645161290322581,0.935204404610503
"BMP7",0.0374344751480429,1.41455993372189,0.21875,0.0806451612903226,0.935204404610503
"BMPR1A",0.120721451825444,-0.214651833507144,0.09375,0.193548387096774,0.935204404610503
"BTG1",0.142307268427929,0.930748951610897,0.328125,0.193548387096774,0.935204404610503
"BTK",0.104753654587364,-1.44330324261335,0.0625,0.145161290322581,0.935204404610503
"CALM1",0.0543799360937806,1.36542896629235,0.09375,0.0161290322580645,0.935204404610503
"CASR",0.132512055206438,0.251631754898215,0.265625,0.145161290322581,0.935204404610503
"CCL15",0.122654514167599,-0.982598727273014,0.09375,0.193548387096774,0.935204404610503
"CCL3L3",0.0819286914833935,0.770058019284911,0.171875,0.0645161290322581,0.935204404610503
"CD48",0.0725642514642969,1.531009571827,0.1875,0.0806451612903226,0.935204404610503
"CD53",0.101124590981985,0.380662379232696,0.1875,0.0806451612903226,0.935204404610503
"CD84",0.0999960512147672,1.07337766959939,0.109375,0.032258064516129,0.935204404610503
"CD8A",0.170053996193544,-0.866996718019136,0.125,0.209677419354839,0.935204404610503
"CDH11",0.144253061359014,0.824280050487211,0.125,0.0483870967741935,0.935204404610503
"CEACAM1",0.157272659607318,1.00123801837091,0.09375,0.032258064516129,0.935204404610503
"CEACAM6",0.123019901165497,-1.01504834763571,0.15625,0.258064516129032,0.935204404610503
"CENPF",0.0739469667330739,-2.25737007678434,0.03125,0.112903225806452,0.935204404610503
"CLDN4",0.115899700393158,-0.459004558271317,0.5,0.629032258064516,0.935204404610503
"COL14A1",0.143319897130806,0.819321382156838,0.1875,0.0967741935483871,0.935204404610503
"COL16A1",0.171729850054172,0.880170301440208,0.40625,0.306451612903226,0.935204404610503
"COL17A1",0.16568775163624,0.592230282649707,0.328125,0.209677419354839,0.935204404610503
"COL18A1",0.0248765144247542,1.41874326632033,0.375,0.193548387096774,0.935204404610503
"COL6A3",0.106445274422004,1.44762997077339,0.15625,0.0645161290322581,0.935204404610503
"CPA3",0.130021053255182,-1.32280379146133,0.078125,0.161290322580645,0.935204404610503
"CXCL14",0.166539131067693,-0.988334712755283,0.109375,0.193548387096774,0.935204404610503
"CXCL16",0.109341908107781,-0.549969389956314,0.140625,0.258064516129032,0.935204404610503
"CYSTM1",0.156442532854338,0.42977211561168,0.21875,0.112903225806452,0.935204404610503
"DDC",0.0912708111338607,0.79485949509777,0.1875,0.0806451612903226,0.935204404610503
"DNMT1",0.0935146776876828,0.68385953791053,0.25,0.129032258064516,0.935204404610503
"DNTT",0.0880975576067805,0.425998778215433,0.140625,0.0483870967741935,0.935204404610503
"DUSP5",0.167424964122196,0.272426378857812,0.78125,0.612903225806452,0.935204404610503
"EFNA1",0.14895266328824,1.02302366632751,0.328125,0.225806451612903,0.935204404610503
"EPHA7",0.0346181454332829,1.67124137363185,0.109375,0.0161290322580645,0.935204404610503
"EPHB2",0.0500470769191753,1.08016021969176,0.25,0.112903225806452,0.935204404610503
"EZR",0.0920114813702587,-1.22930648594874,0.1875,0.306451612903226,0.935204404610503
"FABP5",0.0606522165119449,0.631101339764461,0.390625,0.241935483870968,0.935204404610503
"FASN",0.0932141601024198,-0.651488039124554,0.078125,0.17741935483871,0.935204404610503
"FGF1",0.13223603219535,-0.772866637275169,0.078125,0.161290322580645,0.935204404610503
"FGF2",0.0630519835849815,-1.1126873002845,0.046875,0.145161290322581,0.935204404610503
"FZD3",0.153911832192673,1.40618006467434,0.09375,0.032258064516129,0.935204404610503
"G6PC2",0.123794351034545,-1.74017344154082,0.0625,0.145161290322581,0.935204404610503
"GADD45B",0.101734266548032,1.3034453044366,0.171875,0.0806451612903226,0.935204404610503
"GC",0.024086202788143,0.88196718826367,0.203125,0.0645161290322581,0.935204404610503
"HCST",0.151073134219135,-0.456023075521517,0.203125,0.306451612903226,0.935204404610503
"HDAC11",0.169858705510235,1.2713373981611,0.140625,0.0645161290322581,0.935204404610503
"HLA-DPB1",0.173822014075023,-0.791527930050158,0.09375,0.17741935483871,0.935204404610503
"HLA-DRB1",0.0437188829135986,-0.722801725613584,0.359375,0.516129032258065,0.935204404610503
"HSD3B2",0.0762965690142492,0.289422229310203,0.140625,0.0483870967741935,0.935204404610503
"IAPP",0.0794042178904028,-1.08627317894317,0.03125,0.112903225806452,0.935204404610503
"IFNG",0.169145266594434,-1.91476674072659,0.0625,0.129032258064516,0.935204404610503
"IGF1",0.0493925033016946,-1.56109258190795,0.0625,0.17741935483871,0.935204404610503
"IGFBP6",0.0506263381524887,-0.524579560760727,0.109375,0.241935483870968,0.935204404610503
"IL12A",0.100576581005202,0.194505873203167,0.203125,0.0967741935483871,0.935204404610503
"IL17RB",0.120722956350621,-0.544517935444132,0.09375,0.193548387096774,0.935204404610503
"IL1B",0.0363444188061707,1.95835112047127,0.203125,0.0806451612903226,0.935204404610503
"IL1R1",0.124956492588229,-1.26715198321153,0.109375,0.209677419354839,0.935204404610503
"IL1RN",0.15828923075213,-1.30635019746473,0.109375,0.193548387096774,0.935204404610503
"IL2RA",0.0798087157831231,-0.937653945453112,0.09375,0.209677419354839,0.935204404610503
"IL2RB",0.169032165151414,0.511694607425448,0.1875,0.0967741935483871,0.935204404610503
"IL7R",0.061642621636053,0.854902926165057,0.3125,0.17741935483871,0.935204404610503
"ITGA6",0.074529874102715,0.574627331715298,0.265625,0.129032258064516,0.935204404610503
"ITGB8",0.0410139336670245,1.01539635617759,0.453125,0.290322580645161,0.935204404610503
"JAK2",0.166397044488887,-0.460288311900511,0.078125,0.161290322580645,0.935204404610503
"KLRB1",0.0346747011399013,-1.22194902483465,0.046875,0.161290322580645,0.935204404610503
"KRT10",0.0743727416999979,-1.19649331223108,0.0625,0.161290322580645,0.935204404610503
"KRT15",0.066302918160215,-0.595584541421478,0.375,0.5,0.935204404610503
"KRT16",0.0600840221066601,-0.903001240530305,0.375,0.483870967741935,0.935204404610503
"KRT6A",0.1696881827953,0.397033287587953,0.796875,0.725806451612903,0.935204404610503
"KRT7",0.10479514071972,-0.228367598927524,0.21875,0.354838709677419,0.935204404610503
"KRT80",0.0311389992271172,1.69827073621833,0.1875,0.0645161290322581,0.935204404610503
"LAMP3",0.16937523994647,-1.07747009426231,0.046875,0.112903225806452,0.935204404610503
"LEFTY1",0.0427999906457108,-1.7468569308861,0.078125,0.193548387096774,0.935204404610503
"LEP",0.0892237117330939,1.60974654590771,0.109375,0.032258064516129,0.935204404610503
"LGALS3",0.172053043429658,0.0142176837356843,0.296875,0.17741935483871,0.935204404610503
"LIF",0.095970081196659,-1.94082151245522,0.109375,0.209677419354839,0.935204404610503
"LIFR",0.0312570447997963,-1.73349988887632,0.109375,0.241935483870968,0.935204404610503
"LMNA",0.108859425396432,-0.694638078509855,0.109375,0.209677419354839,0.935204404610503
"LYZ",0.136858696841305,1.5733792227435,0.1875,0.0967741935483871,0.935204404610503
"MARCO",0.167688891452387,0.921784710369463,0.09375,0.032258064516129,0.935204404610503
"MECOM",0.110704036798745,0.830704163356211,0.203125,0.0967741935483871,0.935204404610503
"MMP8",0.0851845150532713,1.77667513207509,0.109375,0.032258064516129,0.935204404610503
"MST1R",0.102623312166372,-0.533273056046796,0.0625,0.161290322580645,0.935204404610503
"MXRA8",0.0650346233902635,1.22887614414107,0.21875,0.0967741935483871,0.935204404610503
"MYH11",0.118806540932228,1.41538837894151,0.125,0.0483870967741935,0.935204404610503
"NFKBIA",0.13072968809816,0.281673910811162,0.34375,0.209677419354839,0.935204404610503
"NGFR",0.111647352838753,0.364710359235999,0.515625,0.419354838709677,0.935204404610503
"NKG7",0.060844024710962,1.31318624637658,0.09375,0.0161290322580645,0.935204404610503
"NLRC4",0.118806540932228,1.693496268416,0.125,0.0483870967741935,0.935204404610503
"NLRC5",0.0367228667074302,1.70416922208723,0.21875,0.0806451612903226,0.935204404610503
"NOSIP",0.0911994600505969,0.576384245083723,0.234375,0.112903225806452,0.935204404610503
"NOTCH3",0.0478047993158204,-1.64972245891313,0.09375,0.209677419354839,0.935204404610503
"NPR2",0.0602262523112175,1.26000547673846,0.125,0.032258064516129,0.935204404610503
"NR1H3",0.144975735668726,-1.69475100168715,0.046875,0.112903225806452,0.935204404610503
"NRXN1",0.0333445799988868,1.70839159943888,0.140625,0.032258064516129,0.935204404610503
"NRXN3",0.0794042178904028,-1.02966578058365,0.03125,0.112903225806452,0.935204404610503
"OASL",0.155833388233334,0.763174982593593,0.203125,0.112903225806452,0.935204404610503
"PDCD1",0.133613924663278,0.894457875797908,0.125,0.0483870967741935,0.935204404610503
"PDGFD",0.107477228228177,1.96091554362133,0.125,0.0483870967741935,0.935204404610503
"PLAC8",0.126800594058877,1.55124257835796,0.171875,0.0806451612903226,0.935204404610503
"PRSS2",0.0964028682767136,1.01891483098333,0.234375,0.129032258064516,0.935204404610503
"PTGS2",0.171479677927792,0.0743775088753395,0.328125,0.209677419354839,0.935204404610503
"PTPRCAP",0.16416074506247,1.07882771056835,0.09375,0.032258064516129,0.935204404610503
"RAMP1",0.0572400430301535,0.526806406252215,0.265625,0.112903225806452,0.935204404610503
"RAMP2",0.0418212698921634,-1.96308862134747,0.03125,0.129032258064516,0.935204404610503
"RNF43",0.0682819931327346,0.987364869537115,0.25,0.129032258064516,0.935204404610503
"RPL22",0.0730856283611298,0.475312257104944,0.46875,0.32258064516129,0.935204404610503
"RPL32",0.0589640289791818,0.84834072515712,0.265625,0.129032258064516,0.935204404610503
"RPS4Y1",0.136753558903871,-1.1410883978623,0.078125,0.161290322580645,0.935204404610503
"RUNX3",0.118958653222785,0.477368778223412,0.28125,0.161290322580645,0.935204404610503
"S100A2",0.10481540013995,0.72598899149167,0.453125,0.32258064516129,0.935204404610503
"S100A6",0.146657982202945,0.433414297101313,0.765625,0.693548387096774,0.935204404610503
"S100B",0.156946237775712,0.975826162074339,0.1875,0.0967741935483871,0.935204404610503
"SAT1",0.160034685908745,0.333402934572771,0.25,0.145161290322581,0.935204404610503
"SERPINA1",0.174327485618156,0.191485879697144,0.5625,0.419354838709677,0.935204404610503
"SERPINA3",0.0649065283487929,-0.94909922342522,0.171875,0.306451612903226,0.935204404610503
"SERPINH1",0.133656916791903,0.284946415419668,0.21875,0.112903225806452,0.935204404610503
"SLC2A4",0.144253061359014,0.953976961414191,0.125,0.0483870967741935,0.935204404610503
"SOD2",0.094453950992903,0.786037317332497,0.328125,0.193548387096774,0.935204404610503
"SOSTDC1",0.0773244697447265,1.7163796255356,0.15625,0.0645161290322581,0.935204404610503
"SPINK1",0.0750909561169505,-1.6771975327577,0.078125,0.17741935483871,0.935204404610503
"ST6GALNAC3",0.0602262523112175,1.27135278819215,0.125,0.032258064516129,0.935204404610503
"SYK",0.103510498788919,0.813164838150203,0.171875,0.0806451612903226,0.935204404610503
"TCL1A",0.0918092295166122,1.51473744951906,0.15625,0.0645161290322581,0.935204404610503
"TGFB3",0.107509942156716,-1.36542262910157,0.140625,0.241935483870968,0.935204404610503
"TLR4",0.131051427775078,1.15567580619955,0.125,0.0483870967741935,0.935204404610503
"TLR7",0.157138215385908,-0.896668863933185,0.109375,0.193548387096774,0.935204404610503
"TNF",0.0407854028004984,-1.87935896662439,0.03125,0.129032258064516,0.935204404610503
"TNFRSF12A",0.100218653499579,0.465122430286711,0.65625,0.596774193548387,0.935204404610503
"TNFRSF17",0.150615054866523,0.917316454894261,0.140625,0.0645161290322581,0.935204404610503
"TNFRSF18",0.0672234450481885,-1.09963594993929,0.09375,0.209677419354839,0.935204404610503
"TNFSF9",0.162188938093812,1.12501683483178,0.21875,0.129032258064516,0.935204404610503
"TPSAB1",0.0784697057250579,1.22757885369511,0.203125,0.0967741935483871,0.935204404610503
"TSC22D1",0.115022417751943,-1.37296941490618,0.0625,0.145161290322581,0.935204404610503
"TUBB",0.173962779897066,0.489643624119036,0.453125,0.354838709677419,0.935204404610503
"VEGFC",0.164181482106703,0.599480510277016,0.140625,0.0645161290322581,0.935204404610503
"VIM",0.150355672081177,-1.66350432982502,0.109375,0.193548387096774,0.935204404610503
"VTN",0.0835142236620621,-0.867290262024715,0.0625,0.161290322580645,0.935204404610503
"WNT10B",0.10996787862132,0.283596091461937,0.1875,0.0806451612903226,0.935204404610503
"WNT5A",0.0602262523112175,1.36023734742901,0.125,0.032258064516129,0.935204404610503
"WNT7A",0.0616613770469378,1.23714523304033,0.125,0.032258064516129,0.935204404610503
"YES1",0.0671719368722928,-1.52124507632986,0.078125,0.17741935483871,0.935204404610503
"NegPrb21",0.175165269434983,-1.68895882250523,0.0625,0.129032258064516,0.935204404610503
"CD276",0.177918782492435,-0.953464595068579,0.265625,0.370967741935484,0.939294241536117
"IL2RG",0.179907151024378,0.537871954337708,0.3125,0.209677419354839,0.939294241536117
"ITGAE",0.179081118678513,-0.591785592356719,0.09375,0.17741935483871,0.939294241536117
"KITLG",0.179193347431621,0.263740717034203,0.1875,0.0967741935483871,0.939294241536117
"HLA-DRB5",0.185894701170753,-0.625408217842671,0.359375,0.435483870967742,0.944465014012697
"IFITM1",0.184081502059799,0.408204699539432,0.484375,0.370967741935484,0.944465014012697
"IL1A",0.182059548309515,-0.989058681917116,0.125,0.209677419354839,0.944465014012697
"KRT6B",0.185246953050886,0.541578790745404,0.5,0.370967741935484,0.944465014012697
"NLRP1",0.185507152162358,0.0706534087232195,0.21875,0.129032258064516,0.944465014012697
"ATG5",0.188591482934225,-1.6979444205227,0.078125,0.145161290322581,0.953042520710391
"ADGRF5",0.204046544996259,0.759551796742666,0.109375,0.0483870967741935,0.957259083476328
"ATR",0.200630233982092,0.529204712030273,0.15625,0.0806451612903226,0.957259083476328
"BMP3",0.213948569739093,-0.219399063100466,0.203125,0.112903225806452,0.957259083476328
"C1QC",0.229285750420585,-0.278656786090987,0.21875,0.306451612903226,0.957259083476328
"CALB1",0.196728523550711,0.782823168556625,0.109375,0.0483870967741935,0.957259083476328
"CASP3",0.216176236827087,0.622915434321307,0.171875,0.0967741935483871,0.957259083476328
"CD37",0.20421432487588,1.13517241010059,0.171875,0.0967741935483871,0.957259083476328
"CD40",0.202390482476529,-0.266672485157811,0.140625,0.241935483870968,0.957259083476328
"CD83",0.211239690895125,-0.237301735383129,0.109375,0.193548387096774,0.957259083476328
"COL21A1",0.229174844599653,1.42269656700847,0.125,0.0645161290322581,0.957259083476328
"CPB1",0.219272807140507,0.624875787522764,0.109375,0.0483870967741935,0.957259083476328
"CRYAB",0.216837391043606,-1.30966448316361,0.109375,0.17741935483871,0.957259083476328
"EFNB1",0.198211496946676,0.189869317866262,0.390625,0.258064516129032,0.957259083476328
"ERBB2",0.22988922449223,0.811396291098568,0.328125,0.258064516129032,0.957259083476328
"ETS1",0.212538083147315,-1.57265830330182,0.125,0.193548387096774,0.957259083476328
"FFAR3",0.22291563135721,1.06942225242486,0.1875,0.112903225806452,0.957259083476328
"GDF3",0.221839904291978,-0.837510338144021,0.0625,0.129032258064516,0.957259083476328
"H2AZ1",0.231794833338483,-0.493217911089017,0.21875,0.32258064516129,0.957259083476328
"HBB",0.220411671085473,-0.82877862279231,0.125,0.209677419354839,0.957259083476328
"HSPA1A",0.195538116731861,-0.41129697912428,0.4375,0.5,0.957259083476328
"IFNAR1",0.222866209180225,-1.19111522148496,0.09375,0.161290322580645,0.957259083476328
"IL12RB1",0.202558298880001,1.16292023710384,0.203125,0.129032258064516,0.957259083476328
"IL15",0.192745080652735,-0.540830593494996,0.09375,0.17741935483871,0.957259083476328
"KLK3",0.207778971992358,0.862080347344069,0.109375,0.0483870967741935,0.957259083476328
"KRT86",0.219243491634066,-0.283270540314404,0.09375,0.17741935483871,0.957259083476328
"LPAR5",0.219836822889998,-1.0261053693561,0.109375,0.17741935483871,0.957259083476328
"MEG3",0.197495001544311,-1.26426266105859,0.0625,0.129032258064516,0.957259083476328
"MPO",0.223842446035391,-1.17937997472151,0.078125,0.145161290322581,0.957259083476328
"MT2A",0.200899804632638,0.484824439294295,0.5,0.370967741935484,0.957259083476328
"NFKB1",0.216772536703809,-0.656389638089202,0.140625,0.225806451612903,0.957259083476328
"NR3C1",0.227266521826885,-0.627152018865672,0.078125,0.145161290322581,0.957259083476328
"PF4",0.226145591716954,0.450572241680678,0.15625,0.0806451612903226,0.957259083476328
"PTGDR2",0.225905452644752,0.606889321976553,0.1875,0.112903225806452,0.957259083476328
"RGS2",0.198056733122092,-0.0229356709325793,0.21875,0.129032258064516,0.957259083476328
"SELENOP",0.231970719699555,0.727340027586936,0.1875,0.112903225806452,0.957259083476328
"SFN",0.200598743385392,0.490310290734524,0.59375,0.516129032258065,0.957259083476328
"SLPI",0.231375634104362,-0.528666889663052,0.171875,0.258064516129032,0.957259083476328
"SOD1",0.227387824546829,-1.85317144753677,0.15625,0.225806451612903,0.957259083476328
"TLR2",0.215491069289799,0.582896667527527,0.25,0.161290322580645,0.957259083476328
"TM4SF1",0.200730035251241,-0.535917528750805,0.234375,0.354838709677419,0.957259083476328
"TP53",0.230709909979201,-1.2279692494911,0.03125,0.0806451612903226,0.957259083476328
"TXK",0.214674680230741,-0.734456908667736,0.0625,0.129032258064516,0.957259083476328
"AATK",0.577545795352509,0.953963631567733,0.09375,0.0645161290322581,0.961187765713275
"ABL1",0.648734049020872,-0.245104492401335,0.140625,0.112903225806452,0.961187765713275
"ABL2",0.716879198967793,-0.000463420727577805,0.0625,0.0483870967741935,0.961187765713275
"ACKR3",0.57194849767896,0.913490370389308,0.140625,0.112903225806452,0.961187765713275
"ACTG2",0.432404881001875,-0.653058710366973,0.046875,0.0806451612903226,0.961187765713275
"ACVR1",0.300903651238677,0.834855367757979,0.171875,0.112903225806452,0.961187765713275
"ACVRL1",0.474116774513137,0.0338431304872882,0.140625,0.0967741935483871,0.961187765713275
"ADGRA2",0.364578128096235,-0.63292109428701,0.09375,0.145161290322581,0.961187765713275
"ADGRA3",0.629113840842844,0.725338085731036,0.125,0.0967741935483871,0.961187765713275
"ADGRD1",0.543061390782852,-0.738405391739873,0.09375,0.129032258064516,0.961187765713275
"ADGRE2",0.689952423972029,-0.321637537943983,0.0625,0.0806451612903226,0.961187765713275
"ADGRF3",0.624875973939564,-0.857686141599972,0.125,0.145161290322581,0.961187765713275
"ADGRG1",0.471875498945379,-0.340728397007422,0.234375,0.290322580645161,0.961187765713275
"ADGRG5",0.322613191034814,0.491530284356065,0.09375,0.0483870967741935,0.961187765713275
"ADGRL1",0.321346051827906,-0.983687145161936,0.0625,0.112903225806452,0.961187765713275
"ADGRL4",0.791555149642781,-0.673932004522997,0.0625,0.0483870967741935,0.961187765713275
"AGR2",0.30227700724186,-0.80286746493946,0.0625,0.112903225806452,0.961187765713275
"AHR",0.554068225527052,0.23971579733076,0.15625,0.112903225806452,0.961187765713275
"AKT1",0.336152488253189,0.85489886694659,0.109375,0.0645161290322581,0.961187765713275
"ALCAM",0.565046806577257,-0.340849648284191,0.140625,0.17741935483871,0.961187765713275
"ANGPT1",0.693811260348796,-0.363684661135007,0.078125,0.0967741935483871,0.961187765713275
"ANXA1",0.34340888614052,-0.706584798509294,0.203125,0.274193548387097,0.961187765713275
"APOD",0.630638513645193,0.364339191002194,0.140625,0.112903225806452,0.961187765713275
"AQP3",0.327226825953244,0.319761598190724,0.625,0.564516129032258,0.961187765713275
"ARF1",0.665881717489864,-0.087034773119638,0.234375,0.193548387096774,0.961187765713275
"ARG1",0.444159979870057,-1.37104488102608,0.0625,0.0967741935483871,0.961187765713275
"ARHGDIB",0.47742600571436,0.580520756488086,0.1875,0.145161290322581,0.961187765713275
"ARTN",0.432401016757209,-0.374636500688689,0.046875,0.0806451612903226,0.961187765713275
"ATF3",0.329914502287149,0.677569563062558,0.1875,0.129032258064516,0.961187765713275
"ATM",0.360054657307593,0.293076978210594,0.15625,0.0967741935483871,0.961187765713275
"AXL",0.792211921554049,0.723092474741389,0.109375,0.0967741935483871,0.961187765713275
"AZGP1",0.350068942387074,-0.114025082474513,0.09375,0.0483870967741935,0.961187765713275
"AZU1",0.496265980423398,-0.189806960121974,0.140625,0.193548387096774,0.961187765713275
"B3GNT7",0.598203034778853,-0.424005563139666,0.109375,0.0806451612903226,0.961187765713275
"BAG3",0.666157289736431,-0.493611089959369,0.125,0.145161290322581,0.961187765713275
"BAX",0.498193726250372,0.864749022528552,0.203125,0.161290322580645,0.961187765713275
"BCL2",0.334107007489189,0.298328916106069,0.15625,0.0967741935483871,0.961187765713275
"BEST1",0.7820992867672,-0.755912410253422,0.0625,0.0483870967741935,0.961187765713275
"BGN",0.529008817922895,-0.541214722969782,0.125,0.161290322580645,0.961187765713275
"BIRC5",0.576164825533722,0.842039007282449,0.125,0.0967741935483871,0.961187765713275
"BMP1",0.36918569247644,-0.706894751124023,0.09375,0.145161290322581,0.961187765713275
"BMP2",0.32274340044491,-0.839576376581453,0.15625,0.209677419354839,0.961187765713275
"BMP4",0.346926441795252,0.399848196148572,0.15625,0.0967741935483871,0.961187765713275
"BMPR2",0.540101829053373,-0.0198492358804487,0.09375,0.129032258064516,0.961187765713275
"BMX",0.260235546028392,0.961846267846698,0.125,0.0645161290322581,0.961187765713275
"BRCA1",0.69139818342774,-0.452486651600969,0.15625,0.129032258064516,0.961187765713275
"BST1",0.546083701755352,-0.119774244120724,0.078125,0.112903225806452,0.961187765713275
"BST2",0.486835021860546,0.12749141879222,0.3125,0.241935483870968,0.961187765713275
"C11orf96",0.509415619851719,-0.415642233234127,0.140625,0.17741935483871,0.961187765713275
"C1QA",0.675811584496124,-0.579086568332325,0.234375,0.241935483870968,0.961187765713275
"C1QB",0.580550855277767,-0.0830124517796729,0.171875,0.129032258064516,0.961187765713275
"C5AR2",0.413919043912068,0.257952927533244,0.1875,0.129032258064516,0.961187765713275
"C9orf16",0.555005495261405,0.0494861991047966,0.25,0.306451612903226,0.961187765713275
"CALD1",0.236680764279875,1.03802945813358,0.125,0.0645161290322581,0.961187765713275
"CALM2",0.698579485555336,0.318446076712778,0.1875,0.161290322580645,0.961187765713275
"CALM3",0.791687510055709,0.339475073665687,0.09375,0.0806451612903226,0.961187765713275
"CAMP",0.492822475326745,0.361352632549021,0.171875,0.129032258064516,0.961187765713275
"CAV1",0.295496516159174,0.53641901951613,0.265625,0.17741935483871,0.961187765713275
"CCL11",0.350972284321636,-0.125857357762519,0.09375,0.145161290322581,0.961187765713275
"CCL18",0.462046122960843,-0.00220870029776437,0.109375,0.161290322580645,0.961187765713275
"CCL19",0.518810741004513,-0.49339345225977,0.1875,0.225806451612903,0.961187765713275
"CCL2",0.534342742457031,0.141861453003999,0.140625,0.17741935483871,0.961187765713275
"CCL20",0.541237513087922,-0.38325455868015,0.21875,0.258064516129032,0.961187765713275
"CCL21",0.677133708762593,-0.150326144865059,0.234375,0.258064516129032,0.961187765713275
"CCL23",0.636110320404139,0.404706171608681,0.15625,0.129032258064516,0.961187765713275
"CCL26",0.263688743819705,-0.413220723470395,0.09375,0.161290322580645,0.961187765713275
"CCL28",0.391880608689854,-0.054747842109147,0.15625,0.0967741935483871,0.961187765713275
"CCL3",0.638721123054738,-0.426363732433174,0.1875,0.209677419354839,0.961187765713275
"CCL4",0.721014111424994,0.793661379127077,0.171875,0.161290322580645,0.961187765713275
"CCL4L2",0.543610633893361,-0.32729207317469,0.109375,0.145161290322581,0.961187765713275
"CCL7",0.418985674819057,-0.488264049458948,0.140625,0.193548387096774,0.961187765713275
"CCL8",0.430170438279171,0.524229827851992,0.15625,0.112903225806452,0.961187765713275
"CCND1",0.399686988955383,0.300733325337414,0.546875,0.483870967741935,0.961187765713275
"CCR1",0.441063848651977,-0.86808602348028,0.0625,0.0967741935483871,0.961187765713275
"CCR10",0.412265820114234,-0.117105989308413,0.09375,0.145161290322581,0.961187765713275
"CCR2",0.412265820114234,-0.361565660784472,0.09375,0.145161290322581,0.961187765713275
"CCR5",0.735327368026482,0.362428666262568,0.0625,0.0483870967741935,0.961187765713275
"CCRL2",0.36000666724121,-0.61727181996939,0.09375,0.145161290322581,0.961187765713275
"CD14",0.368207922056276,-0.593088147144143,0.109375,0.161290322580645,0.961187765713275
"CD163",0.768742395149201,0.160965136171754,0.09375,0.0806451612903226,0.961187765713275
"CD164",0.28975197002623,1.09725676268378,0.15625,0.0967741935483871,0.961187765713275
"CD2",0.422229010975788,1.37388188354403,0.140625,0.0967741935483871,0.961187765713275
"CD209",0.361789114176419,0.891691127588165,0.109375,0.0645161290322581,0.961187765713275
"CD24",0.430948840777313,0.121589366370841,0.28125,0.209677419354839,0.961187765713275
"CD27",0.375952125785247,0.767536557307582,0.265625,0.209677419354839,0.961187765713275
"CD28",0.693010549015005,-0.38074310049481,0.109375,0.129032258064516,0.961187765713275
"CD300A",0.331168968190496,-0.0401420300518815,0.0625,0.112903225806452,0.961187765713275
"CD33",0.467007687520361,-0.267595763944783,0.046875,0.0806451612903226,0.961187765713275
"CD34",0.538028054956643,-0.558920033405814,0.109375,0.145161290322581,0.961187765713275
"CD36",0.792211921554049,-0.190423516548878,0.109375,0.0967741935483871,0.961187765713275
"CD38",0.619620718419612,1.03796391780417,0.09375,0.129032258064516,0.961187765713275
"CD3D",0.629005985613107,0.679233456348657,0.1875,0.161290322580645,0.961187765713275
"CD3G",0.560133640797671,-0.0450839301091263,0.1875,0.145161290322581,0.961187765713275
"CD4",0.794378460340812,-0.429884340367542,0.15625,0.129032258064516,0.961187765713275
"CD40LG",0.777999960168764,0.238096505912842,0.109375,0.0967741935483871,0.961187765713275
"CD44",0.237123431936916,-0.318657470511944,0.390625,0.467741935483871,0.961187765713275
"CD52",0.579218725295745,0.832251463649399,0.125,0.0967741935483871,0.961187765713275
"CD55",0.688891116044776,-0.698065896097329,0.21875,0.241935483870968,0.961187765713275
"CD58",0.766678815658604,-0.253510121514057,0.25,0.258064516129032,0.961187765713275
"CD59",0.361956589874535,-0.686455440663357,0.25,0.290322580645161,0.961187765713275
"CD5L",0.564018289796448,0.90168370746093,0.125,0.0967741935483871,0.961187765713275
"CD63",0.401673152363586,-0.0834959791242156,0.390625,0.467741935483871,0.961187765713275
"CD69",0.54922188814465,0.0147649845950782,0.109375,0.145161290322581,0.961187765713275
"CD74",0.771758695147958,-0.217596256646522,0.734375,0.774193548387097,0.961187765713275
"CD79A",0.463645334608174,0.0950682900903565,0.171875,0.129032258064516,0.961187765713275
"CD81",0.268048827181087,0.199811579727356,0.40625,0.306451612903226,0.961187765713275
"CD86",0.673324950705296,-0.0528343982073268,0.109375,0.0806451612903226,0.961187765713275
"CD9",0.756016324384209,0.0636780935969002,0.625,0.629032258064516,0.961187765713275
"CDH1",0.463192994272851,-0.605469163597212,0.34375,0.403225806451613,0.961187765713275
"CDH5",0.643825278320793,-0.148485770363551,0.1875,0.145161290322581,0.961187765713275
"CDKN1A",0.770591075765542,0.0566774686119095,0.328125,0.354838709677419,0.961187765713275
"CDKN3",0.402526739839732,-0.252860651897907,0.203125,0.258064516129032,0.961187765713275
"CELSR1",0.771431364034467,-0.190490064188684,0.265625,0.290322580645161,0.961187765713275
"CFD",0.609548898316707,0.0687644720650101,0.203125,0.161290322580645,0.961187765713275
"CFLAR",0.690626676796951,-0.272766988688463,0.125,0.0967741935483871,0.961187765713275
"CHEK1",0.784619336190863,0.321498798466473,0.125,0.112903225806452,0.961187765713275
"CHEK2",0.630638513645193,0.397671489236399,0.140625,0.112903225806452,0.961187765713275
"CHGA",0.416623320964566,0.123171727637342,0.109375,0.0645161290322581,0.961187765713275
"CIDEA",0.712700707682267,0.0913833567762529,0.171875,0.145161290322581,0.961187765713275
"CLCF1",0.618695860923661,0.108040472319807,0.109375,0.145161290322581,0.961187765713275
"CLEC10A",0.534200927308235,-0.420030043437666,0.09375,0.129032258064516,0.961187765713275
"CLEC12A",0.575418669256285,0.159400733856794,0.1875,0.145161290322581,0.961187765713275
"CLEC1A",0.54611882350146,0.0880628680635596,0.265625,0.225806451612903,0.961187765713275
"CLEC2B",0.554861563677231,-0.150586241938735,0.109375,0.145161290322581,0.961187765713275
"CLEC4A",0.793679439791811,-0.0213141154550096,0.234375,0.209677419354839,0.961187765713275
"CLEC4D",0.281687369033026,-0.701811385107863,0.046875,0.0967741935483871,0.961187765713275
"CLEC5A",0.764685791745419,0.0406525007555864,0.109375,0.129032258064516,0.961187765713275
"CLEC7A",0.567502543076334,0.381507186871801,0.296875,0.258064516129032,0.961187765713275
"CMKLR1",0.45681550899505,0.35424461574721,0.125,0.0806451612903226,0.961187765713275
"CNTFR",0.498193726250372,0.237070031591576,0.15625,0.209677419354839,0.961187765713275
"COL11A1",0.558897953966629,1.00590453182756,0.109375,0.0806451612903226,0.961187765713275
"COL1A2",0.770495045598041,0.21134754761097,0.125,0.145161290322581,0.961187765713275
"COL27A1",0.640302112735102,-0.209236689115163,0.34375,0.354838709677419,0.961187765713275
"COL3A1",0.463647064341124,0.252803113984517,0.125,0.17741935483871,0.961187765713275
"COL4A1",0.657875668841767,-0.352982888585727,0.171875,0.129032258064516,0.961187765713275
"COL4A2",0.372378098723799,0.935942510669258,0.109375,0.0645161290322581,0.961187765713275
"COL5A1",0.538366908730101,0.222043786609558,0.171875,0.129032258064516,0.961187765713275
"COL5A2",0.584963149428059,0.766063928229758,0.109375,0.0806451612903226,0.961187765713275
"COL5A3",0.300903651238677,-0.494056407392759,0.109375,0.17741935483871,0.961187765713275
"COL6A1",0.611722823332008,-0.0694161516411425,0.4375,0.483870967741935,0.961187765713275
"COL6A2",0.560600955989677,-0.257881328912102,0.390625,0.306451612903226,0.961187765713275
"COL8A1",0.583476997130922,0.506985169723745,0.140625,0.112903225806452,0.961187765713275
"COL9A1",0.777999960168764,0.791038181323964,0.09375,0.112903225806452,0.961187765713275
"COL9A2",0.71862782338966,-0.389476607998684,0.453125,0.451612903225806,0.961187765713275
"COL9A3",0.408071481409032,0.699184052603185,0.125,0.0806451612903226,0.961187765713275
"CRIP1",0.787683282962429,-0.378533869519645,0.28125,0.290322580645161,0.961187765713275
"CRP",0.656358590288603,0.884992700819673,0.171875,0.145161290322581,0.961187765713275
"CSF1",0.351572814605055,-0.393845923496973,0.171875,0.241935483870968,0.961187765713275
"CSF1R",0.57194849767896,-0.747390975401874,0.109375,0.145161290322581,0.961187765713275
"CSF2",0.7820992867672,-0.288775574114897,0.0625,0.0483870967741935,0.961187765713275
"CSF2RA",0.373385885112584,0.403828107478932,0.171875,0.112903225806452,0.961187765713275
"CSF3R",0.563402839256045,0.864790220918177,0.09375,0.0645161290322581,0.961187765713275
"CSHL1",0.41611448428759,0.216171534836353,0.1875,0.129032258064516,0.961187765713275
"CSK",0.466586610316113,-0.228958925392084,0.15625,0.209677419354839,0.961187765713275
"CST7",0.492602285739858,0.402765478992999,0.15625,0.112903225806452,0.961187765713275
"CTLA4",0.495760769101484,0.185960231110708,0.078125,0.0483870967741935,0.961187765713275
"CTNNB1",0.644795162684602,0.479539415510885,0.1875,0.161290322580645,0.961187765713275
"CTSW",0.43985918027147,-0.148478281122156,0.109375,0.0645161290322581,0.961187765713275
"CUZD1",0.312035235864299,1.29644679729473,0.09375,0.0483870967741935,0.961187765713275
"CX3CL1",0.668867603086699,-0.0215662033469818,0.375,0.403225806451613,0.961187765713275
"CX3CR1",0.361789114176419,0.837489417667381,0.109375,0.0645161290322581,0.961187765713275
"CXCL10",0.250857268661414,0.59022953062132,0.1875,0.112903225806452,0.961187765713275
"CXCL12",0.296601707277104,-0.922018220804357,0.046875,0.0967741935483871,0.961187765713275
"CXCL5",0.641379110209362,0.396924478890413,0.21875,0.193548387096774,0.961187765713275
"CXCL6",0.580550855277767,0.195171127110602,0.171875,0.129032258064516,0.961187765713275
"CXCL8",0.745998098996891,0.129234359711219,0.078125,0.0967741935483871,0.961187765713275
"CXCL9",0.499773116562604,-0.733553583055182,0.109375,0.145161290322581,0.961187765713275
"CXCR1",0.723118144969537,-0.0197744369842824,0.140625,0.112903225806452,0.961187765713275
"CXCR2",0.624221557907723,0.00133383069406006,0.171875,0.129032258064516,0.961187765713275
"CXCR3",0.791687510055709,0.451371932353579,0.09375,0.0806451612903226,0.961187765713275
"CXCR4",0.392345887594886,0.39731656954127,0.1875,0.129032258064516,0.961187765713275
"CXCR6",0.282103598498873,-0.00575094793545796,0.078125,0.032258064516129,0.961187765713275
"CYP1B1",0.643037747533492,-0.785923649090252,0.078125,0.0967741935483871,0.961187765713275
"DDR1",0.754914470412631,-0.00830849077537574,0.265625,0.306451612903226,0.961187765713275
"DDR2",0.730640907721182,-0.135553164678302,0.0625,0.0806451612903226,0.961187765713275
"DHRS2",0.32946702563601,-1.09410746950747,0.078125,0.129032258064516,0.961187765713275
"DLL1",0.680826753036865,-0.565896926294182,0.09375,0.112903225806452,0.961187765713275
"DMBT1",0.657963480472285,0.0685341306232999,0.125,0.0967741935483871,0.961187765713275
"DNMT3A",0.522503700212024,-0.590898228243247,0.09375,0.129032258064516,0.961187765713275
"DPP4",0.485250155365168,0.144232522614121,0.125,0.0806451612903226,0.961187765713275
"DST",0.487457577329487,0.146515429502315,0.21875,0.161290322580645,0.961187765713275
"DUSP1",0.751840695904857,-0.193487390876119,0.671875,0.645161290322581,0.961187765713275
"DUSP2",0.379178642831013,-0.190541779971908,0.234375,0.161290322580645,0.961187765713275
"EFNA4",0.670955837178664,-0.211383662806977,0.125,0.0967741935483871,0.961187765713275
"EFNA5",0.721934714439448,-0.498405059459866,0.09375,0.112903225806452,0.961187765713275
"EFNB2",0.64343211111625,-0.510745992489911,0.171875,0.209677419354839,0.961187765713275
"EFNB3",0.267290239882538,-1.03273415884718,0.046875,0.0967741935483871,0.961187765713275
"EGF",0.745998098996891,0.80260244913221,0.09375,0.0806451612903226,0.961187765713275
"EGFR",0.575447358959169,0.0331576708468578,0.34375,0.274193548387097,0.961187765713275
"EIF5A",0.521765540967077,-0.66685359076411,0.328125,0.387096774193548,0.961187765713275
"ELANE",0.747138703728284,0.527906931342189,0.0625,0.0806451612903226,0.961187765713275
"EMP3",0.729794644686437,-0.78199275898235,0.1875,0.193548387096774,0.961187765713275
"ENG",0.685493904169739,0.114134371175462,0.15625,0.129032258064516,0.961187765713275
"EOMES",0.662554784538335,-0.304410799339176,0.046875,0.0645161290322581,0.961187765713275
"EPHA2",0.594037793368628,0.589541802695153,0.40625,0.387096774193548,0.961187765713275
"EPHA3",0.784017982307778,0.151018029664426,0.09375,0.0806451612903226,0.961187765713275
"EPHA4",0.481267340630935,1.15491047950134,0.078125,0.0483870967741935,0.961187765713275
"EPHB4",0.743218163436776,0.492374432742119,0.203125,0.17741935483871,0.961187765713275
"EPHB6",0.2783769305688,1.21238952129735,0.15625,0.0967741935483871,0.961187765713275
"EPOR",0.650824016571527,0.581911469974159,0.171875,0.145161290322581,0.961187765713275
"ETV4",0.266718970295724,1.20415720298906,0.234375,0.161290322580645,0.961187765713275
"ETV5",0.499506461382285,-0.505201644266423,0.09375,0.129032258064516,0.961187765713275
"EZH2",0.671865899266851,-0.417128681088884,0.078125,0.0967741935483871,0.961187765713275
"FABP4",0.716879198967793,0.00691310716120837,0.0625,0.0483870967741935,0.961187765713275
"FAS",0.298334061101883,0.749528952578025,0.203125,0.145161290322581,0.961187765713275
"FASLG",0.255509452795891,1.33657131650381,0.03125,0.0806451612903226,0.961187765713275
"FCGBP",0.24267428917973,-1.14021221326288,0.09375,0.161290322580645,0.961187765713275
"FCRLA",0.53973052852548,0.98000117771003,0.109375,0.0806451612903226,0.961187765713275
"FES",0.346926441795252,0.461051326308722,0.15625,0.0967741935483871,0.961187765713275
"FFAR2",0.398718403730624,0.0585776291206773,0.21875,0.161290322580645,0.961187765713275
"FFAR4",0.479390903240984,-0.617636674029617,0.1875,0.225806451612903,0.961187765713275
"FGF12",0.488485076852026,1.37903830680478,0.078125,0.0483870967741935,0.961187765713275
"FGF7",0.320819167810897,0.0317502614807138,0.140625,0.0806451612903226,0.961187765713275
"FGFR1",0.503093905223433,-0.0527467088222148,0.078125,0.0483870967741935,0.961187765713275
"FGFR2",0.315704360873896,0.257222664490989,0.21875,0.145161290322581,0.961187765713275
"FGFR3",0.388557712640695,0.343826455821286,0.3125,0.241935483870968,0.961187765713275
"FGR",0.306972179665212,-1.31469728262543,0.0625,0.112903225806452,0.961187765713275
"FKBP11",0.410600779110207,-0.734875709035973,0.328125,0.354838709677419,0.961187765713275
"FLT1",0.415086790092445,-0.32050341949027,0.15625,0.209677419354839,0.961187765713275
"FLT3LG",0.47705807811909,-0.918581893098244,0.09375,0.129032258064516,0.961187765713275
"FN1",0.719114042406894,0.64629569292943,0.203125,0.17741935483871,0.961187765713275
"FOS",0.30896688171184,0.360039294660236,0.578125,0.483870967741935,0.961187765713275
"FOXP3",0.776369377140615,0.386092473835032,0.078125,0.0967741935483871,0.961187765713275
"FPR1",0.739282650091283,0.12973691213313,0.15625,0.129032258064516,0.961187765713275
"FYB1",0.633256211522324,0.496330241886412,0.203125,0.17741935483871,0.961187765713275
"FZD6",0.77360467596601,-0.391303947090868,0.171875,0.17741935483871,0.961187765713275
"FZD8",0.683979456367645,-0.316409674147571,0.3125,0.258064516129032,0.961187765713275
"G6PD",0.244907714066842,-0.891321414952017,0.109375,0.17741935483871,0.961187765713275
"GAS6",0.374855880697011,0.3021449363996,0.25,0.17741935483871,0.961187765713275
"GATA3",0.346509461685379,-1.04188396777649,0.09375,0.145161290322581,0.961187765713275
"GCG",0.301684824415626,0.850005852348429,0.09375,0.0483870967741935,0.961187765713275
"GDF10",0.35547136843651,-0.661823203925232,0.09375,0.145161290322581,0.961187765713275
"GDF15",0.385961420169663,-0.61217376110067,0.109375,0.161290322580645,0.961187765713275
"GDF6",0.666108795198406,-0.0380795610868206,0.15625,0.193548387096774,0.961187765713275
"GDF9",0.770921405384689,0.307557079528768,0.109375,0.0967741935483871,0.961187765713275
"GLUL",0.739553115455203,0.00907349197841423,0.40625,0.354838709677419,0.961187765713275
"GNLY",0.552668604942742,-0.88808125396926,0.15625,0.193548387096774,0.961187765713275
"GPBAR1",0.42396478240216,0.593900491441877,0.125,0.0806451612903226,0.961187765713275
"GPER1",0.742737073007169,-0.1644141023096,0.1875,0.161290322580645,0.961187765713275
"GPNMB",0.47949155910262,0.338122963241038,0.140625,0.0967741935483871,0.961187765713275
"GPR183",0.546083701755352,1.03043974585807,0.109375,0.0806451612903226,0.961187765713275
"GPX1",0.383617708494562,0.160448714786474,0.40625,0.306451612903226,0.961187765713275
"GSN",0.356948442973622,-0.0497413658852767,0.328125,0.241935483870968,0.961187765713275
"GSTP1",0.726789403003863,0.0612711701673863,0.5,0.435483870967742,0.961187765713275
"GZMA",0.502405316568657,-0.351087725325447,0.078125,0.112903225806452,0.961187765713275
"GZMB",0.252135274179903,-0.0680465666708412,0.109375,0.0483870967741935,0.961187765713275
"GZMK",0.618588487531062,-0.747127395168202,0.046875,0.0645161290322581,0.961187765713275
"H4C3",0.479757833614697,0.561231519711196,0.1875,0.145161290322581,0.961187765713275
"HCAR2",0.655419176947112,0.555282579923319,0.1875,0.161290322580645,0.961187765713275
"HCAR3",0.46815483170995,0.276826818914975,0.1875,0.145161290322581,0.961187765713275
"HCK",0.38261782815772,0.20311904935963,0.15625,0.0967741935483871,0.961187765713275
"HDAC1",0.592805717826939,-0.18018901259501,0.1875,0.225806451612903,0.961187765713275
"HDAC3",0.352583580565765,0.577592085014866,0.28125,0.209677419354839,0.961187765713275
"HDAC4",0.522503700212024,-0.132737551481835,0.09375,0.129032258064516,0.961187765713275
"HDAC5",0.528336849126196,0.0272628823465868,0.09375,0.129032258064516,0.961187765713275
"HGF",0.667324991247971,-0.708200020335662,0.09375,0.112903225806452,0.961187765713275
"HILPDA",0.697321287931591,0.123580670434433,0.15625,0.129032258064516,0.961187765713275
"HLA-A",0.73980006503639,-0.11145797145346,0.75,0.741935483870968,0.961187765713275
"HLA-C",0.458531410568918,0.166339844968854,0.859375,0.790322580645161,0.961187765713275
"HLA-DPA1",0.364646370727156,-0.684229168429808,0.265625,0.32258064516129,0.961187765713275
"HLA-DQA1",0.471657657303812,0.0678128440325265,0.21875,0.274193548387097,0.961187765713275
"HLA-DQB1",0.498025130913598,0.260725968211039,0.375,0.451612903225806,0.961187765713275
"HLA-DRA",0.725617293211331,-0.28276589373421,0.234375,0.274193548387097,0.961187765713275
"HLA-E",0.534984294958354,-0.0951793713002285,0.359375,0.274193548387097,0.961187765713275
"HMGB2",0.635695577412207,0.353120913642855,0.21875,0.258064516129032,0.961187765713275
"HMGN2",0.475112780953751,-0.0930141092465929,0.234375,0.17741935483871,0.961187765713275
"HSD17B2",0.49233441605835,-0.986535675773348,0.140625,0.17741935483871,0.961187765713275
"HSP90AA1",0.415285829457884,-0.314494505165587,0.328125,0.403225806451613,0.961187765713275
"HSP90AB1",0.383488468926869,0.340213163285879,0.390625,0.306451612903226,0.961187765713275
"HSPA1B",0.764014055090945,-0.0467718973375033,0.4375,0.451612903225806,0.961187765713275
"HSPB1",0.571316945958788,0.149162975086239,0.796875,0.790322580645161,0.961187765713275
"ICOS",0.513383805996754,-0.45948656192165,0.125,0.161290322580645,0.961187765713275
"ICOSLG",0.690031617248976,0.297377472569752,0.203125,0.17741935483871,0.961187765713275
"IDO1",0.706989102731732,-0.275947809816711,0.171875,0.145161290322581,0.961187765713275
"IER3",0.350384845981099,0.268934586934224,0.328125,0.258064516129032,0.961187765713275
"IFIH1",0.771313724087936,0.588606891571262,0.125,0.112903225806452,0.961187765713275
"IFIT1",0.65626591616989,0.211112230414898,0.15625,0.129032258064516,0.961187765713275
"IFNA1",0.780477152883426,0.268291807567766,0.078125,0.0645161290322581,0.961187765713275
"IFNAR2",0.359460397655592,-0.992957564111058,0.15625,0.209677419354839,0.961187765713275
"IFNB1",0.527136197657509,0.961870529849157,0.109375,0.0806451612903226,0.961187765713275
"IFNGR1",0.752621936461033,-0.4037809553535,0.21875,0.225806451612903,0.961187765713275
"IFNGR2",0.272222583695671,0.814902253493492,0.390625,0.306451612903226,0.961187765713275
"IFNL2",0.590897997748367,0.36133242697067,0.1875,0.145161290322581,0.961187765713275
"IFNL3",0.402443375010498,-0.215854818175532,0.09375,0.145161290322581,0.961187765713275
"IGF1R",0.785884817916948,0.136245566547436,0.1875,0.17741935483871,0.961187765713275
"IGF2",0.36256754789945,-0.215500536622782,0.078125,0.129032258064516,0.961187765713275
"IGF2R",0.467064172396504,0.43971085431994,0.15625,0.112903225806452,0.961187765713275
"IGFBP3",0.345891862605514,-0.18492031269054,0.234375,0.32258064516129,0.961187765713275
"IGFBP5",0.648734049020872,0.448418367120351,0.140625,0.112903225806452,0.961187765713275
"IGFBP7",0.560689406396953,0.760735103265198,0.390625,0.354838709677419,0.961187765713275
"IGHA1",0.380267487836015,-0.368010837381222,0.21875,0.290322580645161,0.961187765713275
"IGHD",0.636313233911961,-0.748137980212654,0.109375,0.129032258064516,0.961187765713275
"IGHG1",0.725072974086151,0.592773195844449,0.4375,0.419354838709677,0.961187765713275
"IGHG2",0.660952714711039,0.791817022406333,0.28125,0.241935483870968,0.961187765713275
"IGHM",0.357715414401565,0.81146348306761,0.125,0.0806451612903226,0.961187765713275
"IGKC",0.383645855831183,0.408886293442384,0.40625,0.32258064516129,0.961187765713275
"IL10RA",0.589281568618833,0.292613858965178,0.140625,0.112903225806452,0.961187765713275
"IL10RB",0.553773583750543,0.549855082133311,0.21875,0.17741935483871,0.961187765713275
"IL11",0.757257827660832,0.208528575757375,0.28125,0.258064516129032,0.961187765713275
"IL11RA",0.252923921443056,-1.38900456628335,0.140625,0.209677419354839,0.961187765713275
"IL12B",0.714489627276613,-0.119716994908188,0.171875,0.193548387096774,0.961187765713275
"IL12RB2",0.390747270520043,-0.881650532044172,0.125,0.17741935483871,0.961187765713275
"IL13RA1",0.461068851428062,-0.282340808720103,0.21875,0.161290322580645,0.961187765713275
"IL15RA",0.715575417281682,0.1247878619244,0.1875,0.209677419354839,0.961187765713275
"IL16",0.433923957406696,0.155695189276263,0.1875,0.129032258064516,0.961187765713275
"IL17A",0.770921405384689,0.839276163250966,0.109375,0.0967741935483871,0.961187765713275
"IL17B",0.588296117502198,-0.245616425742487,0.125,0.161290322580645,0.961187765713275
"IL17D",0.471533529592732,-0.594372576784001,0.09375,0.129032258064516,0.961187765713275
"IL17RA",0.550212088111889,0.20351973291194,0.125,0.161290322580645,0.961187765713275
"IL17RE",0.403857273266375,-0.726939080592554,0.125,0.17741935483871,0.961187765713275
"IL18",0.61317107157748,-1.19229212261518,0.140625,0.161290322580645,0.961187765713275
"IL18R1",0.618313704962921,-0.166108572189823,0.109375,0.0806451612903226,0.961187765713275
"IL1R2",0.703838619537233,-0.402514604079828,0.140625,0.161290322580645,0.961187765713275
"IL1RL1",0.235527721647077,-0.673817953826464,0.03125,0.0806451612903226,0.961187765713275
"IL20RA",0.508560854082898,-0.192403300443653,0.0625,0.0967741935483871,0.961187765713275
"IL22RA1",0.302779114975489,-0.394814055492253,0.109375,0.17741935483871,0.961187765713275
"IL24",0.345948998614791,0.086799022593624,0.234375,0.161290322580645,0.961187765713275
"IL32",0.328263460542732,-0.334925570573004,0.359375,0.435483870967742,0.961187765713275
"IL33",0.722437958597866,0.593385272591966,0.078125,0.0645161290322581,0.961187765713275
"IL34",0.792879247717639,0.282803842009611,0.15625,0.145161290322581,0.961187765713275
"IL36G",0.28975197002623,0.936311210394032,0.15625,0.0967741935483871,0.961187765713275
"IL3RA",0.26549598675066,0.403798342846992,0.171875,0.0967741935483871,0.961187765713275
"IL6",0.349545299522822,-0.900611707523329,0.171875,0.225806451612903,0.961187765713275
"IL6R",0.377369687454994,-0.390487683928232,0.078125,0.129032258064516,0.961187765713275
"IL6ST",0.307521113103078,-0.377172052147855,0.125,0.0645161290322581,0.961187765713275
"IL7",0.636646481655465,0.0737492487778618,0.109375,0.145161290322581,0.961187765713275
"INHBA",0.708475626578768,-0.466776813680811,0.125,0.145161290322581,0.961187765713275
"INHBB",0.758075050449645,0.0858908529689767,0.109375,0.129032258064516,0.961187765713275
"INS",0.413329390716172,0.976258735065053,0.125,0.0806451612903226,0.961187765713275
"IRF3",0.656348095371346,-0.0770673981824263,0.1875,0.209677419354839,0.961187765713275
"IRF4",0.681916766117332,0.135854138108897,0.0625,0.0806451612903226,0.961187765713275
"ITGA1",0.308732780927917,-0.610901686223309,0.140625,0.209677419354839,0.961187765713275
"ITGA2",0.35547136843651,-0.965953127079099,0.09375,0.145161290322581,0.961187765713275
"ITGA5",0.425211817070933,-1.09708849167854,0.203125,0.258064516129032,0.961187765713275
"ITGAL",0.487892574767771,0.473294937468336,0.171875,0.129032258064516,0.961187765713275
"ITGB1",0.380018931123985,-0.837883024463979,0.125,0.17741935483871,0.961187765713275
"ITGB2",0.596100008312551,-1.21467480538361,0.15625,0.17741935483871,0.961187765713275
"ITGB4",0.458441388259413,-0.0627728866585135,0.5625,0.483870967741935,0.961187765713275
"ITGB5",0.721014111424994,-0.234628954346384,0.15625,0.17741935483871,0.961187765713275
"ITGB6",0.704694366170408,0.432283865555091,0.296875,0.290322580645161,0.961187765713275
"ITM2A",0.618588487531062,-1.11183813347061,0.046875,0.0645161290322581,0.961187765713275
"JCHAIN",0.549429004616392,-0.0900140476057015,0.09375,0.0645161290322581,0.961187765713275
"JUN",0.526764477562248,0.0821074398745514,0.625,0.516129032258065,0.961187765713275
"JUNB",0.280810608663181,0.214491376162655,0.84375,0.82258064516129,0.961187765713275
"KDR",0.37382703043807,-0.170277146046702,0.09375,0.145161290322581,0.961187765713275
"KIT",0.545250536084478,0.592902275188037,0.203125,0.161290322580645,0.961187765713275
"KLF2",0.749266960621451,0.402972063487197,0.21875,0.209677419354839,0.961187765713275
"KLRK1",0.749958835737277,-0.615073841817462,0.25,0.274193548387097,0.961187765713275
"KRT13",0.284854299497978,-0.462771516487213,0.265625,0.370967741935484,0.961187765713275
"KRT14",0.720857292538681,0.00211040893827949,0.71875,0.741935483870968,0.961187765713275
"KRT17",0.635822548165706,0.125537167396265,0.921875,0.887096774193548,0.961187765713275
"KRT18",0.417311200559149,0.168860386167269,0.546875,0.467741935483871,0.961187765713275
"KRT19",0.449982151470705,-0.156892176328524,0.84375,0.838709677419355,0.961187765713275
"KRT20",0.478301985835696,-0.880011462308807,0.078125,0.112903225806452,0.961187765713275
"KRT23",0.674329902485377,-0.142171407790877,0.25,0.209677419354839,0.961187765713275
"KRT24",0.681916766117332,-0.3824204211065,0.0625,0.0806451612903226,0.961187765713275
"KRT4",0.723118144969537,-0.00677222473671249,0.140625,0.112903225806452,0.961187765713275
"KRT5",0.600274228316967,0.0391252016782813,0.75,0.741935483870968,0.961187765713275
"KRT8",0.755087955141552,-0.385790441381614,0.609375,0.548387096774194,0.961187765713275
"LAIR1",0.418990583505329,-0.870771601220029,0.046875,0.0806451612903226,0.961187765713275
"LAMP2",0.497778947889149,0.321332141060069,0.125,0.17741935483871,0.961187765713275
"LCN2",0.777958391964836,0.634406388087153,0.109375,0.129032258064516,0.961187765713275
"LEFTY2",0.721195466009256,-0.177239279458008,0.15625,0.129032258064516,0.961187765713275
"LGALS1",0.451042218432233,-0.0556126332439271,0.34375,0.274193548387097,0.961187765713275
"LGALS3BP",0.767214349438583,0.323252783868911,0.328125,0.32258064516129,0.961187765713275
"LTB",0.791901239263104,0.327993668056462,0.40625,0.370967741935484,0.961187765713275
"LTBR",0.269053930337033,-0.594081589009286,0.296875,0.370967741935484,0.961187765713275
"LTF",0.689952423972029,-0.671154526104286,0.0625,0.0806451612903226,0.961187765713275
"LY6D",0.634644382403881,0.406615899759853,0.390625,0.338709677419355,0.961187765713275
"LYN",0.28153998146203,-1.91850539801741,0.078125,0.129032258064516,0.961187765713275
"MAF",0.575063311027522,-0.0292914869621709,0.4375,0.354838709677419,0.961187765713275
"MAML2",0.276812235814944,0.165486109136488,0.125,0.0645161290322581,0.961187765713275
"MAPK13",0.338345788348673,0.412464197499913,0.15625,0.0967741935483871,0.961187765713275
"MAPK14",0.72074087510526,-0.178959198842831,0.125,0.145161290322581,0.961187765713275
"MMP1",0.452985517025483,-0.232126628122061,0.046875,0.0806451612903226,0.961187765713275
"MMP16",0.722437958597866,0.839687414886323,0.078125,0.0645161290322581,0.961187765713275
"MMP19",0.41337160149823,0.508176674324338,0.171875,0.112903225806452,0.961187765713275
"MMP2",0.57007613288971,0.566236385649924,0.125,0.0967741935483871,0.961187765713275
"MMP3",0.554861563677231,0.725095607385337,0.140625,0.112903225806452,0.961187765713275
"MMP7",0.391458408393855,-0.201246564760895,0.703125,0.548387096774194,0.961187765713275
"MMP9",0.49104993703855,-0.471380657267587,0.125,0.0806451612903226,0.961187765713275
"MRC1",0.735327368026482,-0.211618754881424,0.0625,0.0483870967741935,0.961187765713275
"MRC2",0.264029572764123,0.395880126860434,0.1875,0.112903225806452,0.961187765713275
"MT1X",0.695598836044752,-0.136873019281446,0.28125,0.241935483870968,0.961187765713275
"MX1",0.609229738232709,0.521062492355426,0.28125,0.241935483870968,0.961187765713275
"MYC",0.297764428056705,0.430141599741109,0.203125,0.129032258064516,0.961187765713275
"MZB1",0.418627208764894,0.235030567587559,0.125,0.0806451612903226,0.961187765713275
"MZT2A",0.676488648601185,0.0217799937902502,0.953125,0.935483870967742,0.961187765713275
"NCR1",0.611577299232361,0.0198224715617143,0.109375,0.0806451612903226,0.961187765713275
"NDRG1",0.368650827313572,0.394567641146315,0.5625,0.483870967741935,0.961187765713275
"NEAT1",0.335269044031497,-0.139326275191335,0.78125,0.887096774193548,0.961187765713275
"NLRP3",0.322613191034814,0.719602774922383,0.09375,0.0483870967741935,0.961187765713275
"NOD2",0.43554497121128,-1.03494763212841,0.1875,0.225806451612903,0.961187765713275
"NOTCH2",0.288008311208817,-1.05317754399194,0.125,0.193548387096774,0.961187765713275
"NPPB",0.544872260714737,-0.518029279788568,0.125,0.161290322580645,0.961187765713275
"NPPC",0.772985247336529,0.00326077887952132,0.578125,0.596774193548387,0.961187765713275
"NPR1",0.776369377140615,0.514852702629817,0.09375,0.0806451612903226,0.961187765713275
"NPR3",0.395030918177463,-0.497710220875782,0.109375,0.161290322580645,0.961187765713275
"NR1H2",0.682490151358505,0.387410260298665,0.234375,0.209677419354839,0.961187765713275
"NRG1",0.36256754789945,1.61588775035993,0.125,0.0806451612903226,0.961187765713275
"NRG4",0.258168830089132,1.21274175935164,0.171875,0.112903225806452,0.961187765713275
"NRIP3",0.503093905223433,0.497796390920164,0.078125,0.0483870967741935,0.961187765713275
"NTRK2",0.76056652196043,0.046459442259285,0.15625,0.129032258064516,0.961187765713275
"OAS2",0.382385371397048,0.922907168864918,0.125,0.0806451612903226,0.961187765713275
"OAS3",0.272423200781096,1.09225379615547,0.21875,0.145161290322581,0.961187765713275
"OLFM4",0.344483529477785,-0.406202386268216,0.171875,0.241935483870968,0.961187765713275
"OLR1",0.265105634165899,-0.852550071818606,0.171875,0.241935483870968,0.961187765713275
"OSM",0.784017982307778,0.646217732661067,0.09375,0.0806451612903226,0.961187765713275
"OSMR",0.304119374705467,-0.803946353936751,0.265625,0.338709677419355,0.961187765713275
"P2RY12",0.563372049382734,-0.411292137011818,0.109375,0.145161290322581,0.961187765713275
"PARP1",0.342546692864214,-1.02108970743281,0.109375,0.161290322580645,0.961187765713275
"PCNA",0.475502002725878,0.756314736316243,0.203125,0.161290322580645,0.961187765713275
"PDCD1LG2",0.445709290535084,0.312269675310647,0.125,0.0806451612903226,0.961187765713275
"PDGFA",0.408040186982214,0.453031799692838,0.296875,0.241935483870968,0.961187765713275
"PDGFC",0.596574730432281,-0.102704357889812,0.140625,0.17741935483871,0.961187765713275
"PDGFRA",0.777958391964836,0.291594711667541,0.125,0.112903225806452,0.961187765713275
"PDGFRB",0.607059168948846,0.352567543029645,0.125,0.0967741935483871,0.961187765713275
"PHLDA2",0.726649561720758,-0.284359956840401,0.15625,0.17741935483871,0.961187765713275
"PIGR",0.721014111424994,-0.396535649192816,0.15625,0.17741935483871,0.961187765713275
"PLA2R1",0.780820731949705,-0.303796966427155,0.140625,0.161290322580645,0.961187765713275
"POU5F1",0.487510113242587,-0.238405931316902,0.28125,0.354838709677419,0.961187765713275
"PPARD",0.716016456496281,-0.189097829171101,0.078125,0.0967741935483871,0.961187765713275
"PPARG",0.591333766262527,-0.372955110505205,0.171875,0.129032258064516,0.961187765713275
"PPBP",0.578394686093465,0.830765466189241,0.109375,0.0806451612903226,0.961187765713275
"PRF1",0.373069553699324,-0.225340020644166,0.09375,0.0483870967741935,0.961187765713275
"PROKR1",0.714266792221815,0.139705511896998,0.0625,0.0806451612903226,0.961187765713275
"PSAP",0.719169388805609,-0.101108191421356,0.5625,0.516129032258065,0.961187765713275
"PSCA",0.582655375332163,-0.352257007760433,0.15625,0.193548387096774,0.961187765713275
"PTGDS",0.481237897768558,-0.31491152077299,0.40625,0.32258064516129,0.961187765713275
"PTGES",0.349019200202101,-0.282404218464287,0.15625,0.225806451612903,0.961187765713275
"PTGES2",0.356530162116809,0.0615570905695059,0.140625,0.209677419354839,0.961187765713275
"PTGES3",0.535533549664884,-0.412175577183278,0.171875,0.209677419354839,0.961187765713275
"PTGIS",0.388617466612101,0.582730220080697,0.109375,0.0645161290322581,0.961187765713275
"PTK2",0.339527046482759,-0.504518556125375,0.125,0.193548387096774,0.961187765713275
"PTPRC",0.275202873279203,1.40830561372084,0.140625,0.0806451612903226,0.961187765713275
"PTTG1",0.56052940111619,1.17989858188117,0.140625,0.112903225806452,0.961187765713275
"QRFPR",0.505204938309089,1.68834170190697,0.125,0.0967741935483871,0.961187765713275
"RAC1",0.469036642862162,-0.333342412139474,0.40625,0.419354838709677,0.961187765713275
"RAC2",0.610591449680827,0.476395520599066,0.15625,0.129032258064516,0.961187765713275
"RAMP3",0.638672139627449,0.455421425417483,0.125,0.0967741935483871,0.961187765713275
"RARA",0.553305359966165,-0.508388543826796,0.296875,0.32258064516129,0.961187765713275
"RARB",0.407867811708304,-1.66291296144202,0.0625,0.0967741935483871,0.961187765713275
"RARG",0.783772581898381,0.174855227156973,0.171875,0.161290322580645,0.961187765713275
"RARRES1",0.700825625966562,-0.339705313695333,0.203125,0.225806451612903,0.961187765713275
"RARRES2",0.262159498613952,0.750868750004609,0.25,0.161290322580645,0.961187765713275
"RB1",0.627554837340448,0.0459755999585073,0.125,0.161290322580645,0.961187765713275
"RBPJ",0.392345887594886,0.219123444621378,0.1875,0.129032258064516,0.961187765713275
"REG1A",0.625941955893664,0.742459840548252,0.09375,0.129032258064516,0.961187765713275
"RELA",0.518669382738919,-0.743697168086126,0.15625,0.193548387096774,0.961187765713275
"RELT",0.65033232011853,0.154890017044425,0.25,0.209677419354839,0.961187765713275
"RGCC",0.56957927047031,0.0521846955485909,0.203125,0.161290322580645,0.961187765713275
"RGS1",0.337124538473617,-1.33716182507434,0.15625,0.209677419354839,0.961187765713275
"ROR1",0.30227700724186,-0.832417729388161,0.0625,0.112903225806452,0.961187765713275
"RPL21",0.466141683030566,0.0421026907284305,0.578125,0.548387096774194,0.961187765713275
"RPL34",0.460156454707122,0.148597178947674,0.359375,0.290322580645161,0.961187765713275
"RPL37",0.336789799128155,0.316169358277273,0.578125,0.532258064516129,0.961187765713275
"RSPO1",0.460591023628255,-1.11636100142633,0.09375,0.129032258064516,0.961187765713275
"RSPO2",0.735327368026482,0.572692169175752,0.0625,0.0483870967741935,0.961187765713275
"RSPO3",0.671495805665131,-0.0425159447388157,0.046875,0.0645161290322581,0.961187765713275
"RYK",0.395296066267931,0.23873385754345,0.171875,0.112903225806452,0.961187765713275
"S100A10",0.732677736760958,0.883074362506351,0.21875,0.193548387096774,0.961187765713275
"S100A4",0.349780527940153,0.489696461385467,0.25,0.17741935483871,0.961187765713275
"S100A8",0.270964641602514,-0.873009555059735,0.09375,0.161290322580645,0.961187765713275
"S100P",0.567567168358255,-0.0780680937821009,0.15625,0.193548387096774,0.961187765713275
"SAA1",0.665532531637035,0.140006235235551,0.28125,0.241935483870968,0.961187765713275
"SAA2",0.275885720634414,0.223277018281199,0.234375,0.145161290322581,0.961187765713275
"SCG5",0.382385371397048,0.912051451727455,0.125,0.0806451612903226,0.961187765713275
"SELPLG",0.516941171704572,-0.885524384095802,0.171875,0.209677419354839,0.961187765713275
"SERPINB5",0.549426278957401,0.0318010673832597,0.09375,0.0645161290322581,0.961187765713275
"SIGIRR",0.667897186887009,1.23832964478047,0.15625,0.129032258064516,0.961187765713275
"SLC40A1",0.722437958597866,0.890039643168558,0.078125,0.0645161290322581,0.961187765713275
"SMAD3",0.465254746883386,-0.103856567640115,0.203125,0.145161290322581,0.961187765713275
"SMARCB1",0.534202987179298,-0.316165517797468,0.09375,0.129032258064516,0.961187765713275
"SMO",0.716879198967793,0.784264033116222,0.0625,0.0483870967741935,0.961187765713275
"SNAI2",0.471439746543522,0.247200821549362,0.140625,0.0967741935483871,0.961187765713275
"SOX2",0.773590482477773,0.197496730472276,0.265625,0.306451612903226,0.961187765713275
"SOX4",0.524298486433213,-0.353631030545051,0.140625,0.17741935483871,0.961187765713275
"SOX9",0.274065694868834,-0.670961483267031,0.25,0.354838709677419,0.961187765713275
"SPARCL1",0.522503700212024,0.0226389482399896,0.09375,0.129032258064516,0.961187765713275
"SPRY2",0.270729891857258,0.100857243410698,0.125,0.209677419354839,0.961187765713275
"SPRY4",0.63188275380132,-0.143274912343615,0.109375,0.0806451612903226,0.961187765713275
"SQSTM1",0.754588720397558,-0.352921215559073,0.484375,0.483870967741935,0.961187765713275
"SRC",0.482247949543376,-0.651554665683252,0.15625,0.209677419354839,0.961187765713275
"SRGN",0.319145174396906,0.202738061982211,0.25,0.17741935483871,0.961187765713275
"ST6GAL1",0.316506690904506,-0.70672872475776,0.0625,0.112903225806452,0.961187765713275
"STAT1",0.492602285739858,0.304646215006382,0.15625,0.112903225806452,0.961187765713275
"STAT4",0.440214385688976,0.774224972169074,0.125,0.0806451612903226,0.961187765713275
"STAT5A",0.761137730658245,0.0660904512272626,0.078125,0.0967741935483871,0.961187765713275
"STAT5B",0.394125007587898,0.741259403870052,0.109375,0.0645161290322581,0.961187765713275
"STMN1",0.242040486929788,-1.05676976336108,0.125,0.193548387096774,0.961187765713275
"SUCNR1",0.677488583929578,-0.308737015710898,0.125,0.0967741935483871,0.961187765713275
"TACSTD2",0.26389489149654,-0.191631342407657,0.484375,0.596774193548387,0.961187765713275
"TAGLN",0.777786668565726,1.00362180099219,0.21875,0.209677419354839,0.961187765713275
"TAP1",0.26065841355197,0.299971086005202,0.21875,0.129032258064516,0.961187765713275
"TAP2",0.62638868656169,-0.138294688703194,0.15625,0.193548387096774,0.961187765713275
"TBX21",0.267290239882538,-0.576137826666271,0.046875,0.0967741935483871,0.961187765713275
"TFEB",0.644817324624201,-0.356601108265425,0.046875,0.0645161290322581,0.961187765713275
"TGFB1",0.554861563677231,0.820434699514595,0.140625,0.112903225806452,0.961187765713275
"TGFBR1",0.577983855975404,0.105003516920686,0.1875,0.145161290322581,0.961187765713275
"THBS1",0.721194383830095,0.0528827838181805,0.15625,0.129032258064516,0.961187765713275
"THBS2",0.357715414401565,-0.7762872804504,0.078125,0.129032258064516,0.961187765713275
"TIE1",0.47949155910262,0.0678219252451999,0.140625,0.0967741935483871,0.961187765713275
"TIGIT",0.505148309309962,-0.58142409487123,0.109375,0.145161290322581,0.961187765713275
"TIMP1",0.723786342210354,-0.342723575965215,0.4375,0.403225806451613,0.961187765713275
"TLR1",0.352695849418972,-0.232904542375565,0.140625,0.209677419354839,0.961187765713275
"TLR3",0.648331811640456,-0.455265833556577,0.125,0.145161290322581,0.961187765713275
"TNFRSF11B",0.311118526029735,1.00410199212967,0.296875,0.225806451612903,0.961187765713275
"TNFRSF13B",0.333422326691969,0.0962888135458908,0.09375,0.0483870967741935,0.961187765713275
"TNFRSF14",0.617340376942117,0.433233498810233,0.25,0.209677419354839,0.961187765713275
"TNFRSF19",0.505832581638253,0.323281730277346,0.1875,0.145161290322581,0.961187765713275
"TNFRSF1A",0.272245936611846,-0.635635002207295,0.359375,0.403225806451613,0.961187765713275
"TNFRSF1B",0.629213799269237,-0.170361177917888,0.203125,0.241935483870968,0.961187765713275
"TNFRSF21",0.703345455549718,0.572563497907998,0.21875,0.209677419354839,0.961187765713275
"TNFRSF4",0.583476997130922,0.119096903702846,0.109375,0.145161290322581,0.961187765713275
"TNFRSF9",0.680247453160412,-0.647015534002105,0.109375,0.129032258064516,0.961187765713275
"TNFSF10",0.574553851194743,0.830532123619821,0.15625,0.129032258064516,0.961187765713275
"TNFSF13B",0.312035235864299,0.00124699293188253,0.046875,0.0967741935483871,0.961187765713275
"TNFSF14",0.698337420614008,-0.595196769662877,0.171875,0.193548387096774,0.961187765713275
"TNFSF18",0.705861374558116,-0.622465275413453,0.109375,0.129032258064516,0.961187765713275
"TNFSF4",0.686466448581624,-1.33288172173434,0.078125,0.0967741935483871,0.961187765713275
"TNFSF8",0.445709290535084,0.259007968627302,0.125,0.0806451612903226,0.961187765713275
"TOP2A",0.508529980557893,0.00926581370854863,0.078125,0.112903225806452,0.961187765713275
"TOX",0.317295310692877,0.570578166869123,0.09375,0.0483870967741935,0.961187765713275
"TPM1",0.727490213529873,0.00453323106531914,0.21875,0.193548387096774,0.961187765713275
"TPM2",0.267719072273182,0.401395366752783,0.3125,0.225806451612903,0.961187765713275
"TPSB2",0.458879785170964,-0.230210449610464,0.125,0.17741935483871,0.961187765713275
"TSHZ2",0.515259835344931,1.62047182845293,0.09375,0.0645161290322581,0.961187765713275
"TTR",0.510483953645159,0.577131959483834,0.078125,0.0483870967741935,0.961187765713275
"TUBB4B",0.750143681470713,-0.364843237690519,0.265625,0.274193548387097,0.961187765713275
"TWIST1",0.382385371397048,-0.254574981374252,0.078125,0.129032258064516,0.961187765713275
"TWIST2",0.28397617951985,-1.15212230602378,0.0625,0.112903225806452,0.961187765713275
"TYROBP",0.541937660104846,-1.14830965431583,0.140625,0.17741935483871,0.961187765713275
"UBE2C",0.482989404989442,-0.832886577304372,0.125,0.17741935483871,0.961187765713275
"UCP1",0.714266792221815,1.01284810053267,0.078125,0.0645161290322581,0.961187765713275
"UPK3A",0.28847949404061,-1.42543004983834,0.0625,0.112903225806452,0.961187765713275
"VCAN",0.777958391964836,0.703241974730756,0.109375,0.129032258064516,0.961187765713275
"VHL",0.386008108176078,0.153335955362345,0.34375,0.274193548387097,0.961187765713275
"VWF",0.751713763861182,-0.104003592998413,0.125,0.145161290322581,0.961187765713275
"WNT11",0.599396827403567,0.493747099218047,0.125,0.161290322580645,0.961187765713275
"WNT2B",0.482228332627195,-0.431713442614231,0.0625,0.0967741935483871,0.961187765713275
"WNT3",0.566384541361215,-0.274440576413175,0.125,0.161290322580645,0.961187765713275
"WNT5B",0.342373396684998,-0.273542987784904,0.234375,0.161290322580645,0.961187765713275
"WNT7B",0.458683948476368,0.33815111772457,0.25,0.193548387096774,0.961187765713275
"WNT9A",0.270172012895867,-0.366399914659028,0.109375,0.17741935483871,0.961187765713275
"XBP1",0.551996448839074,0.0706914820247025,0.09375,0.129032258064516,0.961187765713275
"XCL1",0.383224332540565,1.14924555926299,0.140625,0.0967741935483871,0.961187765713275
"YBX3",0.415787966797481,0.266859030924679,0.5625,0.483870967741935,0.961187765713275
"NegPrb6",0.7820992867672,-0.391038506686803,0.0625,0.0483870967741935,0.961187765713275
"NegPrb16",0.474108053126659,0.502743126060377,0.046875,0.0806451612903226,0.961187765713275
"NegPrb19",0.452985517025483,-0.640104473009359,0.046875,0.0806451612903226,0.961187765713275
"NegPrb22",0.728868706121012,-0.515077347789072,0.09375,0.112903225806452,0.961187765713275
"NegPrb23",0.272602110978726,0.139146926732725,0.125,0.0645161290322581,0.961187765713275
"TYMS",0.798927329477254,-0.406677981297599,0.140625,0.161290322580645,0.965455660301796
"ITGA3",0.800903488665133,0.282819498236104,0.515625,0.451612903225806,0.966607658733781
"ATG10",0.802254861677322,-1.08638833278144,0.109375,0.112903225806452,0.967003627914629
"ACE2",0.807086500715122,0.0229420479350538,0.09375,0.0806451612903226,0.968132352587769
"MIF",0.807289199829801,0.0850578194043479,0.4375,0.451612903225806,0.968132352587769
"PPARA",0.806493264842813,0.235605381000113,0.109375,0.0967741935483871,0.968132352587769
"RGS5",0.805752396893417,-0.476605090624269,0.078125,0.0645161290322581,0.968132352587769
"CD47",0.809158440097977,-0.502591536169666,0.203125,0.209677419354839,0.969144139280846
"APP",0.814411195987005,0.198131768865271,0.375,0.419354838709677,0.969772964129662
"CD3E",0.81335435953683,0.245967772573377,0.375,0.370967741935484,0.969772964129662
"CLU",0.813929825757097,-0.741615116830411,0.46875,0.387096774193548,0.969772964129662
"NLRP2",0.814814532824288,-0.118155174809,0.09375,0.0806451612903226,0.969772964129662
"TNFSF15",0.814814532824288,-0.0257040454838689,0.09375,0.0806451612903226,0.969772964129662
"FZD5",0.822560626307139,0.245040754962349,0.09375,0.0806451612903226,0.977188081909992
"PNOC",0.823112924021538,-0.697103059275471,0.125,0.129032258064516,0.977188081909992
"ANGPTL1",0.84970761460073,-0.182856048219917,0.109375,0.0967741935483871,0.978874180209883
"B2M",0.854051298928045,0.0534636936249499,0.59375,0.612903225806452,0.978874180209883
"CCR7",0.842470051654691,-0.105581078155123,0.109375,0.0967741935483871,0.978874180209883
"CD68",0.846795373917451,-0.631143950103545,0.203125,0.209677419354839,0.978874180209883
"CLEC2D",0.8360024167723,-0.24601659116111,0.203125,0.209677419354839,0.978874180209883
"COL15A1",0.860014736911249,0.311490490049513,0.140625,0.161290322580645,0.978874180209883
"COL4A5",0.845222810341655,0.467520821273236,0.125,0.112903225806452,0.978874180209883
"CSF2RB",0.837936434201195,-0.508473907580396,0.21875,0.225806451612903,0.978874180209883
"CTSG",0.841800637044071,0.412466483477104,0.3125,0.306451612903226,0.978874180209883
"CXCL3",0.834018377206986,0.223499308599367,0.140625,0.129032258064516,0.978874180209883
"ESR1",0.853664144300323,-1.03260924893162,0.140625,0.145161290322581,0.978874180209883
"FZD1",0.858829248862121,0.101543853440432,0.125,0.112903225806452,0.978874180209883
"FZD7",0.859128718915182,0.0293799175074744,0.1875,0.17741935483871,0.978874180209883
"HBA1",0.856993276858281,0.229857004521565,0.21875,0.209677419354839,0.978874180209883
"HSP90B1",0.860787771168691,-0.109200084987955,0.359375,0.370967741935484,0.978874180209883
"ICAM1",0.848029970391055,0.306040953785759,0.390625,0.387096774193548,0.978874180209883
"IFI27",0.83437544237221,-0.282700870871221,0.234375,0.241935483870968,0.978874180209883
"INHA",0.847378256503648,-0.564035852982582,0.140625,0.145161290322581,0.978874180209883
"INSR",0.84776427996616,0.081187481583194,0.171875,0.193548387096774,0.978874180209883
"ITK",0.831232236911778,-0.725017366395086,0.078125,0.0645161290322581,0.978874180209883
"JAG1",0.844251770518659,-0.0919956894295977,0.359375,0.354838709677419,0.978874180209883
"KRAS",0.852685620386652,0.320536084727417,0.1875,0.209677419354839,0.978874180209883
"LGALS9",0.859759763686676,0.168873768979295,0.140625,0.129032258064516,0.978874180209883
"MALAT1",0.842802128119681,-0.167972174299157,0.65625,0.580645161290323,0.978874180209883
"MERTK",0.842470051654691,-0.188764934952269,0.109375,0.0967741935483871,0.978874180209883
"MKI67",0.835245771845314,-0.28866715753745,0.109375,0.0967741935483871,0.978874180209883
"NANOG",0.849708595965611,-0.409523792988527,0.234375,0.241935483870968,0.978874180209883
"PTGS1",0.856678298186387,-0.412981485136831,0.359375,0.338709677419355,0.978874180209883
"RAD51",0.838104076256071,-0.0528618147353497,0.09375,0.0806451612903226,0.978874180209883
"SLC2A1",0.855804838695782,-0.104454304009184,0.3125,0.306451612903226,0.978874180209883
"TNFAIP6",0.853710958752406,-0.312674025905384,0.09375,0.0806451612903226,0.978874180209883
"TNFRSF10D",0.852020524164507,-0.296233918697527,0.125,0.112903225806452,0.978874180209883
"VEGFD",0.828035366887842,-0.24185649483604,0.109375,0.0967741935483871,0.978874180209883
"WIF1",0.828497446302938,-0.0651532414069571,0.421875,0.354838709677419,0.978874180209883
"WNT2",0.84970761460073,-0.09089678421534,0.109375,0.0967741935483871,0.978874180209883
"HLA-B",0.865845018223159,-0.00288873989654093,0.796875,0.82258064516129,0.983441757477025
"LAG3",0.872576066336134,-0.290234872345714,0.140625,0.145161290322581,0.989476915291605
"MMP14",0.873252642701797,0.0187493769540467,0.265625,0.241935483870968,0.989476915291605
"BID",0.880066006865968,-0.31324987415902,0.21875,0.225806451612903,0.991254322393731
"GLUD1",0.878896815444563,0.0997248720620336,0.140625,0.145161290322581,0.991254322393731
"HIF1A",0.878307671185488,-0.320179553403943,0.1875,0.193548387096774,0.991254322393731
"IL23A",0.878523387226034,0.215038675644459,0.140625,0.161290322580645,0.991254322393731
"VEGFA",0.880052663337066,-0.491995199329068,0.359375,0.354838709677419,0.991254322393731
"CD19",0.884708240052712,-0.548326244251856,0.15625,0.145161290322581,0.993284825998056
"ICAM3",0.883447358218939,0.401854350934313,0.15625,0.17741935483871,0.993284825998056
"LUM",0.886073130493504,-0.611421428542273,0.109375,0.0967741935483871,0.993284825998056
"MMP12",0.885651067091551,-0.0865533304232503,0.140625,0.129032258064516,0.993284825998056
"APOB",0.892966363267517,-0.50697822644172,0.09375,0.0806451612903226,0.997809324177773
"CD274",0.893276918787721,-0.541618967633227,0.109375,0.112903225806452,0.997809324177773
"FGG",0.892144133774018,1.45111986841863,0.125,0.145161290322581,0.997809324177773
"ACE",1,1.21189799867799,0.078125,0.0806451612903226,1
"ACKR1",0.904665635939551,-0.392278858046157,0.09375,0.0967741935483871,1
"ACKR4",0.961939559930637,-1.02239112617322,0.125,0.112903225806452,1
"ADGRB2",0.912260227490026,-0.575304733708242,0.09375,0.0967741935483871,1
"ADGRF1",0.935089373453499,0.476456104526065,0.09375,0.0967741935483871,1
"ADGRG2",0.967767034979004,-0.0949273237634671,0.0625,0.0645161290322581,1
"ADIPOQ",0.985728246355106,-0.162873130512111,0.109375,0.112903225806452,1
"ADIRF",0.953630416554156,-0.118714178729472,0.28125,0.290322580645161,1
"AHI1",0.983388106755848,0.0565390217304384,0.078125,0.0806451612903226,1
"ANXA2",0.969654660784045,-0.00987980069453636,0.59375,0.564516129032258,1
"APOA1",0.966783413473728,0.403454382135199,0.078125,0.0806451612903226,1
"ATG12",0.946924876333777,-0.416405172668716,0.203125,0.193548387096774,1
"BCL2L1",0.953228454293313,0.160441044004191,0.203125,0.209677419354839,1
"BECN1",0.973247558429465,0.228287400503311,0.09375,0.0967741935483871,1
"CD70",1,0.671125021244361,0.171875,0.17741935483871,1
"CD80",0.927472787448284,-0.48228367666361,0.09375,0.0967741935483871,1
"CD8B",0.973247558429465,0.449069202867669,0.09375,0.0967741935483871,1
"CELSR2",0.982694590797022,-0.836951487512336,0.125,0.112903225806452,1
"CLEC4E",0.976446242132744,-0.185843494071589,0.125,0.129032258064516,1
"CLOCK",0.957203213314893,-0.266472009768828,0.109375,0.112903225806452,1
"COL1A1",0.98481765827555,0.0620702005921432,0.421875,0.419354838709677,1
"COTL1",0.950211518279988,-0.0160588141013254,0.265625,0.274193548387097,1
"CSF3",0.906055288776418,-0.396654208704493,0.171875,0.17741935483871,1
"CXCL1",0.993601544761941,0.164547857911618,0.140625,0.145161290322581,1
"CXCL17",1,-0.0690440808305598,0.140625,0.145161290322581,1
"CXCL2",0.949553758643383,0.0687877934854107,0.125,0.129032258064516,1
"CYP19A1",1,0.138604353894482,0.140625,0.145161290322581,1
"CYTOR",0.997482366800337,-0.023158045988023,0.265625,0.258064516129032,1
"DDIT3",0.910608499333793,-0.467795719150431,0.140625,0.145161290322581,1
"DDX58",0.965608212968057,0.210678314805015,0.09375,0.0967741935483871,1
"DUSP4",0.969719469701111,0.458401365737562,0.125,0.129032258064516,1
"EPCAM",0.913194059899413,0.730893652377686,0.15625,0.17741935483871,1
"EPHB3",0.91751419770277,-0.159133289319158,0.15625,0.161290322580645,1
"ERBB3",0.909332607804655,-1.10890498897049,0.125,0.129032258064516,1
"ESAM",0.965608212968057,0.116605084680504,0.09375,0.0967741935483871,1
"FCER1G",0.916022861608907,-0.555782785773218,0.125,0.129032258064516,1
"FCGR3A",0.936083277363655,-0.252045547337208,0.140625,0.145161290322581,1
"FGF13",0.933624370500896,-0.135454661892696,0.078125,0.0806451612903226,1
"FGF9",0.903303505756448,0.500029049361443,0.15625,0.145161290322581,1
"FOXF1",0.976446242132744,-0.15260157309144,0.125,0.129032258064516,1
"FYN",0.94936886584815,-0.793049862750957,0.0625,0.0645161290322581,1
"GDNF",0.902648777853302,-0.879298462983677,0.125,0.129032258064516,1
"GPX3",0.936127456546222,0.0613211348918106,0.125,0.129032258064516,1
"HPGDS",0.957401350413549,-0.443549099524862,0.140625,0.129032258064516,1
"ICAM2",1,0.0698531273049784,0.171875,0.17741935483871,1
"IFITM3",0.971965162756678,-0.020643817076756,0.625,0.612903225806452,1
"IL10",0.900817742506877,-0.127995919817188,0.1875,0.193548387096774,1
"IL2",0.983388106755848,0.189668524502281,0.078125,0.0806451612903226,1
"IL27RA",0.975812404873966,0.0974554070852747,0.296875,0.290322580645161,1
"IL4R",0.897624441982952,-0.0374237623432012,0.453125,0.435483870967742,1
"ITGA9",0.946048256866279,-0.44768370787883,0.078125,0.0806451612903226,1
"ITGAX",0.927412002701925,-0.380133756722455,0.125,0.112903225806452,1
"JAK1",0.974410293272706,0.0364495377022632,0.140625,0.145161290322581,1
"KRT1",0.994574323493291,-0.18186063126109,0.21875,0.209677419354839,1
"KRT6C",0.951775656020017,-0.00659247718888462,0.609375,0.596774193548387,1
"LDLR",0.949203349145424,0.00649063892031561,0.21875,0.225806451612903,1
"LY75",1,0.191113198956191,0.0625,0.0645161290322581,1
"MAP1LC3B",0.958486014502674,0.0978610203950192,0.078125,0.0806451612903226,1
"MET",1,-0.0403288391892259,0.171875,0.17741935483871,1
"MGP",0.969103340518761,-0.455268052204189,0.25,0.241935483870968,1
"MMP10",0.94936886584815,-0.36233292613384,0.0625,0.0645161290322581,1
"MSMB",0.916022861608907,-0.895635601630285,0.125,0.129032258064516,1
"MTOR",0.978593904292067,0.903658606348771,0.109375,0.112903225806452,1
"MTRNR2L1",0.976973578150915,-0.318148593645701,0.0625,0.0645161290322581,1
"MYL9",0.984698478236805,-0.404307593358864,0.15625,0.161290322580645,1
"NOTCH1",1,-0.110044991070739,0.1875,0.17741935483871,1
"OAS1",0.929707413732636,-0.408600258281772,0.140625,0.145161290322581,1
"OXER1",0.957203213314893,-0.0484890606249806,0.109375,0.112903225806452,1
"OXGR1",0.957972022867743,0.627830069887368,0.09375,0.0967741935483871,1
"PDGFB",0.900692110633566,-0.262246848108212,0.109375,0.0967741935483871,1
"PECAM1",0.957203213314893,0.0550361117807977,0.109375,0.112903225806452,1
"PROK2",0.925350320113622,-0.884354151802206,0.078125,0.0806451612903226,1
"PTHLH",0.991613578106856,-0.30194313846391,0.203125,0.193548387096774,1
"PTK6",0.994317796883874,0.162125583349142,0.1875,0.193548387096774,1
"RORA",0.950079064656951,-0.298142632682225,0.109375,0.112903225806452,1
"RXRA",0.961623665581455,-0.175300071628818,0.140625,0.145161290322581,1
"RXRB",0.936127456546222,-0.423852886031932,0.125,0.129032258064516,1
"SCGB3A1",0.964330782098516,-0.015032118019876,0.109375,0.112903225806452,1
"SEC23A",0.936127456546222,-0.601337329764604,0.125,0.129032258064516,1
"SEC61G",0.937774041274648,-0.700625116308344,0.140625,0.129032258064516,1
"SELL",0.92162801506917,-0.299661178971648,0.109375,0.112903225806452,1
"SNAI1",0.976446242132744,0.431562704410885,0.125,0.129032258064516,1
"SPOCK2",0.969719469701111,0.238170344454119,0.125,0.129032258064516,1
"SPP1",0.994786542443751,0.0930527485827062,0.234375,0.241935483870968,1
"SST",0.950079064656951,0.00753959724019598,0.109375,0.112903225806452,1
"STAT3",0.934756516952506,-0.122690820722284,0.296875,0.290322580645161,1
"TEK",0.930997381878195,-0.198134401717262,0.0625,0.0645161290322581,1
"TGFB2",0.908962965799289,0.41096386658955,0.28125,0.274193548387097,1
"TGFBR2",0.990165116611156,-0.379498522286943,0.140625,0.129032258064516,1
"TLR5",0.92162801506917,-0.356523405411602,0.109375,0.112903225806452,1
"TLR8",0.937774041274648,-0.181418923757842,0.140625,0.129032258064516,1
"TNFRSF10B",0.959556843348488,-0.310085818891798,0.1875,0.17741935483871,1
"TNFRSF11A",0.914529465097198,-0.842024010089557,0.109375,0.112903225806452,1
"TYK2",0.968667865192792,-0.116796869171709,0.78125,0.758064516129032,1
"VCAM1",0.939123836818629,-0.272943332671129,0.375,0.354838709677419,1
"VEGFB",0.95411810674573,-0.0155571367655888,0.15625,0.161290322580645,1
"VSIR",0.909332607804655,-0.816903328446329,0.125,0.129032258064516,1
"NegPrb9",0.927472787448284,-0.0807169007329365,0.09375,0.0967741935483871,1
"NegPrb20",0.94936886584815,-0.15077752590403,0.0625,0.0645161290322581,1
